fundName,managerName,workingState,putOnRecordDate,establishDate,prod_comp,comp_code,count,是否量化,策略类型
财智聚信诚私募证券投资基金,北京财智聚资产管理有限公司,正在运作,2025-06-13,2025-05-28,,,1.0,0,主观多头
博琴合意二号私募证券投资基金,上海博琴资产管理有限公司,正在运作,2025-06-13,2025-04-15,,,1.0,0,主观多头
微观博易-黎夏指增七号私募证券投资基金,北京微观博易私募基金管理有限公司,正在运作,2025-06-13,2025-06-05,微观博易,P1031932,4.0,1,指数增强
千象全景多元量化3号私募证券投资基金,上海千象资产管理有限公司,正在运作,2025-06-13,2025-06-06,千象,P1006930,6.0,1,空气指增
阳岚均衡稳健1号私募证券投资基金,湖北阳岚私募基金管理有限公司,正在运作,2025-06-13,2025-04-24,,,1.0,0,主观多头
牧鑫信淮多策略13号私募证券投资基金,上海牧鑫私募基金管理有限公司,正在运作,2025-06-13,2025-06-09,,,2.0,1,空气指增
容棠博鑫9号私募证券投资基金,上海容棠私募基金管理有限公司,正在运作,2025-06-13,2025-06-10,,,1.0,0,主观多头
蒙玺信享稳进1号1期私募证券投资基金,上海蒙玺投资管理有限公司,正在运作,2025-06-13,2025-06-10,蒙玺,P1063294,2.0,1,空气指增
远瞳森茂远行一号私募证券投资基金,远瞳（天津）私募基金管理有限公司,正在运作,2025-06-13,2025-05-26,,,1.0,0,主观多头
远澜梧桐300灵活对冲私募证券投资基金,上海远澜私募基金管理有限公司,正在运作,2025-06-13,2025-06-10,,,2.0,1,市场中性
璞真稳健1号私募证券投资基金,上海璞真私募基金管理有限公司,正在运作,2025-06-13,2025-06-10,,,2.0,0,主观多头
璞真多策略1号私募证券投资基金,上海璞真私募基金管理有限公司,正在运作,2025-06-13,2025-06-10,,,2.0,0,主观多头
合骥省心享兴泰锐进1号私募证券投资基金,上海合骥私募基金管理有限公司,正在运作,2025-06-13,2025-06-09,,,3.0,1,空气指增
合骥省心享熠辉对冲1号私募证券投资基金,上海合骥私募基金管理有限公司,正在运作,2025-06-13,2025-06-10,,,3.0,1,市场中性
天算指增保护专享12号私募证券投资基金,天算量化（北京）资本管理有限公司,正在运作,2025-06-13,2025-06-10,天算,P1028908,3.0,1,指数增强
共青城国晨新能股权投资合伙企业（有限合伙）,上海国晨创业投资管理有限公司,正在运作,2025-06-13,2025-06-03,,,1.0,0,主观多头
国丰向量成长精选4号私募证券投资基金,杭州向量投资管理有限公司,正在运作,2025-06-13,2025-05-28,,,1.0,0,主观多头
盛丰盈满量选1号私募证券投资基金,海南盛丰私募基金管理有限公司,正在运作,2025-06-13,2025-06-10,,,4.0,1,空气指增
苏州嘉睿创业投资合伙企业（有限合伙）,前海亚商粤科投资管理（深圳）有限公司,正在运作,2025-06-13,2025-06-13,,,1.0,0,主观多头
天算长红指增保护专享1号私募证券投资基金,天算量化（北京）资本管理有限公司,正在运作,2025-06-13,2025-06-10,天算,P1028908,3.0,1,指数增强
宝澜竖圆致远私募证券投资基金,上海宝澜投资管理合伙企业（有限合伙）,正在运作,2025-06-13,2025-06-05,,,2.0,0,主观多头
贝寅金涛睿合私募证券投资基金,上海贝寅私募基金管理有限公司,正在运作,2025-06-13,2025-05-19,,,1.0,0,主观多头
融昊青松CTA套利三号私募证券投资基金,上海融昊投资管理有限公司,正在运作,2025-06-13,2025-06-10,,,1.0,0,主观多头
明汯广明量化1号私募证券投资基金,上海明汯投资管理有限公司,正在运作,2025-06-13,2025-06-10,明汯,P1004150,1.0,1,空气指增
九坤千乘中证1000指数增强专享14号私募证券投资基金,九坤投资（北京）有限公司,正在运作,2025-06-13,2025-06-10,九坤,P1003313,7.0,1,指数增强
坤望凌云3号私募证券投资基金,上海坤望私募基金管理有限公司,正在运作,2025-06-13,2025-06-04,,,2.0,1,空气指增
德远AI初筱绝对收益1号私募证券投资基金,深圳市德远投资有限公司,正在运作,2025-06-13,2025-05-21,,,1.0,0,主观多头
嘉和传承如期而至二期私募证券投资基金,上海嘉和传承私募基金管理有限公司,正在运作,2025-06-13,2025-06-03,,,1.0,0,主观多头
银益稳进私募证券投资基金,上海银益投资管理有限公司,正在运作,2025-06-13,2025-05-19,,,1.0,0,主观多头
威拿元利一号私募证券投资基金,上海威拿资产管理有限公司,正在运作,2025-06-13,2025-06-10,,,1.0,0,主观多头
倍漾市场中性五期私募证券投资基金,南京倍漾私募基金管理有限公司,正在运作,2025-06-13,2025-06-10,,,1.0,1,市场中性
纽富斯家族基石1号私募证券投资基金,深圳纽富斯投资管理有限公司,正在运作,2025-06-13,2025-06-03,,,2.0,0,主观多头
三亚高质量发展产业基金合伙企业（有限合伙）,招商局资本管理有限责任公司,正在运作,2025-06-13,2025-05-22,,,1.0,0,主观多头
森旭乐享一号私募证券投资基金,上海森旭资产管理有限公司,正在运作,2025-06-13,2025-06-10,,,1.0,0,主观多头
尊和悦享1号私募证券投资基金,杭州尊和资产管理有限公司,正在运作,2025-06-13,2025-06-10,,,7.0,0,主观多头
赫富稳选祥泰三号私募证券投资基金,上海赫富投资有限公司,正在运作,2025-06-13,2025-06-10,赫富,P1062959,2.0,1,空气指增
晨耀32号私募证券投资基金,上海晨耀私募基金管理有限公司,正在运作,2025-06-13,2025-06-10,,,1.0,0,主观多头
乾象元点成长23号私募证券投资基金,北京乾象私募基金管理有限公司,正在运作,2025-06-13,2025-06-10,乾象,P1071383,1.0,1,空气指增
致远中证A500指数增强2号私募证券投资基金,致诚卓远（珠海）投资管理合伙企业（有限合伙）,正在运作,2025-06-13,2025-06-03,致诚卓远,P1065479,2.0,1,指数增强
澜成烁禾优选三号私募证券投资基金,上海澜成私募基金管理有限公司,正在运作,2025-06-13,2025-05-28,,,1.0,0,主观多头
祁腾蜂赢13号私募证券投资基金,宁波祁腾投资管理有限公司,正在运作,2025-06-13,2025-06-10,,,1.0,0,主观多头
深度臻选1000指数增强1号私募证券投资基金,杭州深度资产管理有限公司,正在运作,2025-06-13,2025-06-09,,,3.0,0,主观多头
茂源金享量化中证红利指数增强1号私募证券投资基金,茂源量化（海南）私募基金管理合伙企业（有限合伙）,正在运作,2025-06-13,2025-06-10,,,2.0,1,指数增强
乐水念宁私募证券投资基金,北京乐水私募基金管理有限公司,正在运作,2025-06-13,2025-06-05,,,3.0,1,空气指增
进化论广胜中证1000指增2号私募证券投资基金,海南进化论私募基金管理有限公司,正在运作,2025-06-13,2025-06-10,进化论,P1006079,4.0,1,指数增强
九木CTA2号私募证券投资基金,深圳九木私募证券基金管理有限公司,正在运作,2025-06-13,2025-06-06,,,2.0,0,主观多头
珀芒（珠海）创业投资基金（有限合伙）,厚为资本管理有限公司,正在运作,2025-06-13,2025-06-04,,,1.0,0,主观多头
孝庸全市场选股招富一号私募证券投资基金,上海孝庸私募基金管理有限公司,正在运作,2025-06-13,2025-06-10,,,6.0,0,主观多头
积沐量化精选私募证券投资基金,上海积沐私募基金管理有限公司,正在运作,2025-06-13,2025-06-09,,,1.0,0,主观多头
尚宸慢慢成长A私募证券投资基金,武汉尚宸私募基金管理合伙企业（有限合伙）,正在运作,2025-06-13,2025-06-10,,,2.0,0,主观多头
九木多资产远见1号私募证券投资基金,深圳九木私募证券基金管理有限公司,正在运作,2025-06-13,2025-06-10,,,2.0,0,主观多头
重阳恒远12号1期私募证券投资基金,上海重阳投资管理股份有限公司,正在运作,2025-06-13,2025-06-13,,,1.0,0,主观多头
湖粤吉祥私募证券投资基金,湖粤（上海）私募基金管理有限公司,正在运作,2025-06-13,2025-06-10,,,1.0,0,主观多头
雨浩祥云六号私募证券投资基金,上海雨浩投资咨询有限公司,正在运作,2025-06-12,2025-04-23,,,1.0,0,主观多头
益安增利4号私募证券投资基金,北京益安资本管理有限公司,正在运作,2025-06-12,2025-06-06,,,1.0,0,主观多头
宁波市镇海威远转化创业投资合伙企业（有限合伙）,宁波市镇海产业投资私募基金管理有限公司,正在运作,2025-06-12,2025-06-03,,,1.0,0,主观多头
淄博投胜信达股权投资合伙企业（有限合伙）,上海投胜股权投资基金管理有限公司,正在运作,2025-06-12,2024-12-10,,,1.0,0,主观多头
跃盈-民盈一号私募证券投资基金,南京跃盈私募基金管理有限公司,正在运作,2025-06-12,2025-04-23,,,1.0,0,主观多头
千衍三涛51号私募证券投资基金,千衍私募基金管理（上海）有限公司,正在运作,2025-06-12,2025-06-05,千衍,P1009640,2.0,1,空气指增
宜兴百宜股权投资合伙企业（有限合伙）,国联金投致源（江苏）私募基金管理有限公司,正在运作,2025-06-12,2025-05-23,,,1.0,0,主观多头
辉宏永乐一号私募证券投资基金,宁波永乐杰行资产管理合伙企业（有限合伙）,正在运作,2025-06-12,2025-05-09,,,1.0,0,主观多头
临海益氢股权投资合伙企业（有限合伙）,浙江坤鑫投资管理有限公司,正在运作,2025-06-12,2025-04-17,,,1.0,0,主观多头
信安投资级优先证券私募证券投资基金,信安私募基金管理（上海）有限公司,正在运作,2025-06-12,2025-06-03,,,1.0,0,主观多头
辰韬智行私募证券投资基金,杭州辰韬资产管理有限公司,正在运作,2025-06-12,2025-05-09,,,1.0,0,主观多头
淳金智慧添富1号私募证券投资基金,上海淳金投资管理有限公司,正在运作,2025-06-12,2025-05-12,,,1.0,0,主观多头
本利达稳泰成长私募证券投资基金,深圳市本利达资产管理有限公司,正在运作,2025-06-12,2025-05-08,,,1.0,0,主观多头
绰瑞金轮20号私募证券投资基金,上海绰瑞私募基金管理有限公司,正在运作,2025-06-12,2025-06-09,,,1.0,0,主观多头
盖亚青柯鑫安1号私募证券投资基金,海南盖亚青柯私募基金管理有限公司,正在运作,2025-06-12,2025-05-23,,,3.0,0,主观多头
淮安市洪泽区光启创业投资合伙企业（有限合伙）,北京光控浦益创业投资有限公司,正在运作,2025-06-12,2025-04-07,,,1.0,0,主观多头
毕力达可转债3号私募证券投资基金,晋江毕力达基金管理有限公司,正在运作,2025-06-12,2025-05-29,,,1.0,0,主观多头
贝莱德全球固收机会私募证券投资基金,贝莱德海外投资基金管理（上海）有限公司,正在运作,2025-06-12,2025-05-22,,,1.0,0,主观多头
秋千小豚1号私募证券投资基金,广东秋千私募基金管理有限公司,正在运作,2025-06-12,2025-05-13,,,5.0,0,主观多头
秋千小豚3号私募证券投资基金,广东秋千私募基金管理有限公司,正在运作,2025-06-12,2025-05-13,,,5.0,0,主观多头
秋千小豚4号私募证券投资基金,广东秋千私募基金管理有限公司,正在运作,2025-06-12,2025-05-13,,,5.0,0,主观多头
秋千小豚5号私募证券投资基金,广东秋千私募基金管理有限公司,正在运作,2025-06-12,2025-05-13,,,5.0,0,主观多头
秋千小豚6号私募证券投资基金,广东秋千私募基金管理有限公司,正在运作,2025-06-12,2025-05-13,,,5.0,0,主观多头
知道领航1号私募证券投资基金,广东知道私募证券投资基金管理有限公司,正在运作,2025-06-12,2025-05-08,,,1.0,0,主观多头
济桓静远8号私募证券投资基金,上海济桓投资管理有限公司,正在运作,2025-06-12,2025-05-19,,,1.0,0,主观多头
弘信至朴1号私募证券投资基金,佛山弘信私募基金管理有限公司,正在运作,2025-06-12,2025-05-22,,,1.0,0,主观多头
黑盒汇盈1号私募证券投资基金,上海黑盒资产管理有限公司,正在运作,2025-06-12,2025-05-14,,,3.0,0,主观多头
融亨源理1号私募证券投资基金,北京融亨基金管理有限公司,正在运作,2025-06-12,2025-05-30,,,1.0,0,主观多头
黑盒汇盈2号私募证券投资基金,上海黑盒资产管理有限公司,正在运作,2025-06-12,2025-05-14,,,3.0,0,主观多头
黑盒汇盈3号私募证券投资基金,上海黑盒资产管理有限公司,正在运作,2025-06-12,2025-05-16,,,3.0,0,主观多头
重剑价值精选1号私募证券投资基金,重剑私募基金管理（海南）合伙企业（有限合伙）,正在运作,2025-06-12,2025-06-06,,,1.0,0,主观多头
聚宽信淮共享2号私募证券投资基金,北京聚宽投资管理有限公司,正在运作,2025-06-12,2025-06-09,聚宽,P1066435,3.0,1,空气指增
老鹰投资-老鹰10号私募证券投资基金,深圳市老鹰投资管理有限公司,正在运作,2025-06-12,2025-06-09,,,1.0,0,主观多头
远方嘉腾二号私募证券投资基金,青岛远方私募基金管理有限公司,正在运作,2025-06-12,2025-06-09,,,1.0,0,主观多头
融悦淳和笃行私募证券投资基金,吉林省融悦股权投资基金管理有限公司,正在运作,2025-06-12,2025-06-03,,,1.0,0,主观多头
瀚亚海外投资日本动力私募证券投资基金,瀚亚海外投资基金管理(上海)有限公司,正在运作,2025-06-12,2025-06-03,,,1.0,0,主观多头
尊和百瑞吉9号私募证券投资基金,杭州尊和资产管理有限公司,正在运作,2025-06-12,2025-05-29,,,7.0,0,主观多头
传定机智1号私募证券投资基金,杭州传定私募基金管理有限公司,正在运作,2025-06-12,2025-06-09,,,2.0,0,主观多头
朴易研究精选私募证券投资基金,上海朴易资产管理有限公司,正在运作,2025-06-12,2025-06-12,,,1.0,0,主观多头
元康瑞景1号私募证券投资基金,芜湖元康私募基金管理有限公司,正在运作,2025-06-12,2025-05-26,,,1.0,0,主观多头
苏州高校科技成果转化天使投资合伙企业（有限合伙）,苏州国发创业投资控股有限公司,正在运作,2025-06-12,2025-05-16,,,2.0,0,主观多头
悦珑兴利私募证券投资基金,晋江市悦珑资产管理有限公司,正在运作,2025-06-12,2025-06-09,,,1.0,0,主观多头
津育稳健成长10号私募证券投资基金,北京津育投资管理有限公司,正在运作,2025-06-12,2025-06-09,,,1.0,0,主观多头
量创量化北证选股2号私募证券投资基金,深圳市前海合之力量创投资管理有限公司,正在运作,2025-06-12,2025-06-05,,,1.0,0,主观多头
高益裕丰对冲套利私募证券投资基金,深圳市高益私募证券基金管理有限公司,正在运作,2025-06-12,2025-06-09,,,1.0,0,主观多头
尊和优享1号私募证券投资基金,杭州尊和资产管理有限公司,正在运作,2025-06-12,2025-06-09,,,7.0,0,主观多头
北京昌平中瀛幼麟壹号创业投资基金合伙企业（有限合伙）,中银资本私募基金管理（北京）有限公司,正在运作,2025-06-12,2025-06-04,,,3.0,0,主观多头
云起量选32号私募证券投资基金,宁波云起私募基金管理有限公司,正在运作,2025-06-12,2025-06-09,,,1.0,0,主观多头
头狼大师量化一号私募证券投资基金,青岛头狼私募基金管理有限公司,正在运作,2025-06-12,2025-05-30,,,1.0,0,主观多头
世赢山海1号进取型私募证券投资基金,上海世赢私募基金管理有限公司,正在运作,2025-06-12,2025-06-09,,,1.0,0,主观多头
尊和百瑞吉10号私募证券投资基金,杭州尊和资产管理有限公司,正在运作,2025-06-12,2025-06-04,,,7.0,0,主观多头
橡木望江六号私募证券投资基金,杭州橡木私募基金管理有限公司,正在运作,2025-06-12,2025-06-09,,,2.0,0,主观多头
盖亚青柯刺桐1号私募证券投资基金,海南盖亚青柯私募基金管理有限公司,正在运作,2025-06-12,2025-06-04,,,3.0,0,主观多头
张家港沙洲二期科创投资合伙企业（有限合伙）,张家港产业投资管理有限公司,正在运作,2025-06-12,2025-04-28,,,1.0,0,主观多头
悦海盈和汇富专享8号私募证券投资基金,青岛悦海盈和基金投资管理有限公司,正在运作,2025-06-12,2025-06-09,,,2.0,0,主观多头
深度恒稳1号私募证券投资基金,杭州深度资产管理有限公司,正在运作,2025-06-12,2025-06-05,,,3.0,0,主观多头
上海昀曜建桥创业投资合伙企业（有限合伙）,上海昀曜私募基金管理有限公司,正在运作,2025-06-12,2025-05-23,,,1.0,0,主观多头
益和源吉利红3号私募证券投资基金,上海益和源资产管理有限公司,正在运作,2025-06-12,2025-06-06,,,1.0,0,主观多头
盛丰烁丰3号私募证券投资基金,海南盛丰私募基金管理有限公司,正在运作,2025-06-12,2025-06-09,,,4.0,1,空气指增
翰荣日照金山1号私募证券投资基金,深圳翰荣私募证券基金管理有限公司,正在运作,2025-06-12,2025-06-09,,,3.0,1,空气指增
天长市天嘉股权投资基金合伙企业（有限合伙）,扬州嘉佑投资管理有限公司,正在运作,2025-06-12,2025-05-21,,,1.0,0,主观多头
墨锋云林成长私募证券投资基金,浙江墨锋投资管理有限公司,正在运作,2025-06-12,2025-06-04,,,1.0,0,主观多头
南京市高淳区淳城智造私募投资基金合伙企业（有限合伙）,安徽创谷股权投资基金管理有限公司,正在运作,2025-06-12,2025-05-28,,,2.0,0,主观多头
铜川金耀高远股权投资合伙企业（有限合伙）,陕西金资基金管理有限公司,正在运作,2025-06-12,2025-06-06,,,2.0,0,主观多头
洪赢机遇一号私募证券投资基金,上海洪赢投资管理有限公司,正在运作,2025-06-12,2025-05-28,,,1.0,0,主观多头
骞瑞敏行一号私募证券投资基金,上海骞瑞私募基金管理有限公司,正在运作,2025-06-12,2025-05-30,,,1.0,0,主观多头
裕丰惠达12号私募证券投资基金,上海裕丰惠达私募基金管理有限公司,正在运作,2025-06-12,2025-06-06,,,2.0,0,主观多头
悦溪灵动001号私募证券投资基金,北京悦溪私募基金管理有限公司,正在运作,2025-06-12,2025-06-09,,,1.0,0,主观多头
扬州凯联拓铭创业投资合伙企业（有限合伙）,凯联（北京）投资基金管理有限公司,正在运作,2025-06-12,2025-06-03,,,1.0,0,主观多头
杨湜多策略稳健2号私募证券投资基金,上海杨湜资产管理中心(有限合伙),正在运作,2025-06-12,2025-06-09,,,1.0,0,主观多头
顽岩稳健18号私募证券投资基金,上海顽岩私募基金管理有限公司,正在运作,2025-06-12,2025-06-09,顽岩,P1034708,5.0,1,空气指增
六辰天德私募证券投资基金,六辰（海南）私募基金管理有限公司,正在运作,2025-06-12,2025-06-06,,,2.0,0,主观多头
南京东珺鼎成创业投资合伙企业（有限合伙）,上海东珺资产管理有限公司,正在运作,2025-06-12,2025-06-03,,,1.0,0,主观多头
雷菱四季宏观策略私募证券投资基金,上海雷菱私募基金管理有限公司,正在运作,2025-06-12,2025-06-06,,,1.0,0,主观多头
恒睿信3号私募证券投资基金,北海恒睿信私募基金管理有限公司,正在运作,2025-06-12,2025-06-09,,,1.0,0,主观多头
亦赋山海12号多策略私募证券投资基金,亦赋私募基金管理（海南）有限公司,正在运作,2025-06-12,2025-06-09,,,1.0,0,主观多头
郑州经开赋豫战新创投母基金合伙企业（有限合伙）,河南国有资本运营集团私募基金管理有限公司,正在运作,2025-06-12,2025-06-04,,,1.0,0,主观多头
台州嘉道智能壹号私募股权投资基金合伙企业（有限合伙）,北京诚美嘉道私募基金管理有限公司,正在运作,2025-06-12,2025-05-21,,,1.0,0,主观多头
甄投二阶思维股票优选私募证券投资基金,上海甄投资产管理有限公司,正在运作,2025-06-12,2025-05-27,,,2.0,0,主观多头
俊丹通赢十一号私募证券投资基金,上海俊丹私募基金管理有限公司,正在运作,2025-06-12,2025-05-30,,,1.0,0,主观多头
丰润量化平衡五期私募证券投资基金,北京丰润恒道私募基金管理有限公司,正在运作,2025-06-12,2025-06-03,,,2.0,0,主观多头
倍享乘龙一号私募证券投资基金,上海倍享私募基金管理有限公司,正在运作,2025-06-11,2025-06-03,,,1.0,0,主观多头
朗玛一号（北京）半导体产业创业投资基金合伙企业（有限合伙）,朗玛峰创业投资有限公司,正在运作,2025-06-11,2025-06-09,,,1.0,0,主观多头
博成金陵宏沣私募证券投资基金,西安博成基金管理有限公司,正在运作,2025-06-11,2025-06-06,,,1.0,0,主观多头
申毅久利量化1号私募证券投资基金,上海申毅投资股份有限公司,正在运作,2025-06-11,2025-06-05,,,1.0,0,主观多头
广东横琴格创天使创业投资合伙企业（有限合伙）,广东横琴金投创业投资基金管理有限公司,正在运作,2025-06-11,2025-03-31,,,1.0,0,主观多头
棕榈滩泰来私募证券投资基金,泉州棕榈滩私募基金管理有限公司,正在运作,2025-06-11,2025-05-30,,,1.0,0,主观多头
宁波盈熙瑞创业投资合伙企业（有限合伙）,上海银鞍股权投资管理有限公司,正在运作,2025-06-11,2025-04-10,,,1.0,0,主观多头
迎水长丰20号私募证券投资基金,上海迎水投资管理有限公司,正在运作,2025-06-11,2025-06-06,,,1.0,0,主观多头
湖南工融迪策创业投资基金合伙企业（有限合伙）,工银资本管理有限公司,正在运作,2025-06-11,2025-06-06,,,1.0,0,主观多头
国泓烛龙私募证券投资基金,深圳市前海国泓私募证券基金管理有限公司,正在运作,2025-06-11,2025-06-06,,,1.0,0,主观多头
日斗鲲鹏价值2号私募证券投资基金,深圳市日斗投资管理有限公司,正在运作,2025-06-11,2025-06-05,,,1.0,0,主观多头
广东中山招赢芯智启航股权投资基金合伙企业（有限合伙）,招银国际资本管理（深圳）有限公司,正在运作,2025-06-11,2025-05-06,,,1.0,0,主观多头
黑翼优选成长6号私募证券投资基金,上海黑翼资产管理有限公司,正在运作,2025-06-11,2025-06-04,黑翼,P1004419,5.0,1,空气指增
传定恒盛1号私募证券投资基金,杭州传定私募基金管理有限公司,正在运作,2025-06-11,2025-05-27,,,2.0,0,主观多头
荣利长兴1号量化私募证券投资基金,上海荣利投资有限公司,正在运作,2025-06-11,2025-05-09,,,2.0,0,主观多头
荣利长兴2号量化私募证券投资基金,上海荣利投资有限公司,正在运作,2025-06-11,2025-05-09,,,2.0,0,主观多头
上海吉六零山海松裕创业投资合伙企业（有限合伙）,上海吉六零私募基金管理有限公司,正在运作,2025-06-11,2025-05-21,,,1.0,0,主观多头
中邮永安嘉享6号私募证券投资基金,中邮永安（上海）资产管理有限公司,正在运作,2025-06-11,2025-06-11,,,1.0,0,主观多头
因诺天问40号私募证券投资基金,因诺（上海）资产管理有限公司,正在运作,2025-06-11,2025-05-29,因诺,P1006164,2.0,1,空气指增
道富私募股权投资基金（深圳）合伙企业（有限合伙）,山河私募基金管理（广州）有限公司,正在运作,2025-06-11,2025-05-30,,,1.0,0,主观多头
盛丰泰丰量选私享1号私募证券投资基金,海南盛丰私募基金管理有限公司,正在运作,2025-06-11,2025-06-06,,,4.0,1,空气指增
红榕赤城稳健1号私募证券投资基金,红榕资本管理有限公司,正在运作,2025-06-11,2025-06-05,,,1.0,0,主观多头
衍复广衍量化4号私募证券投资基金,上海衍复投资管理有限公司,正在运作,2025-06-11,2025-06-06,衍复,P1070325,5.0,1,空气指增
思勰投资思凝九号私募证券投资基金,上海思勰投资管理有限公司,正在运作,2025-06-11,2025-05-29,思勰,P1032873,1.0,1,空气指增
北京保实诚源股权投资合伙企业（有限合伙）,中诚资本管理（北京）有限公司,正在运作,2025-06-11,2025-06-04,,,1.0,0,主观多头
博润芝麻宏观1号私募证券投资基金,北京博润银泰投资管理有限公司,正在运作,2025-06-11,2025-06-11,博润银泰,P1002960,3.0,1,空气指增
南京中瀛南创扶摇壹号股权投资合伙企业（有限合伙）,中银资本私募基金管理（北京）有限公司,正在运作,2025-06-11,2025-06-06,,,3.0,0,主观多头
洺沣安鑫6号私募证券投资基金,共青城洺沣投资管理合伙企业（有限合伙）,正在运作,2025-06-11,2025-06-06,,,1.0,0,主观多头
嘉兴添翼股权投资合伙企业（有限合伙）,深圳前海金盈谷资产管理有限公司,正在运作,2025-06-11,2025-05-28,,,1.0,0,主观多头
天津陆石恒星创业投资中心（有限合伙）,天津清研陆石投资管理有限公司,正在运作,2025-06-11,2025-06-09,,,1.0,0,主观多头
世纪前沿广沿专享私募证券投资基金,海南世纪前沿私募基金管理有限公司,正在运作,2025-06-11,2025-06-06,世纪前沿,P1068951,6.0,1,空气指增
前海久盈安得四号私募证券投资基金,深圳前海久盈投资管理有限公司,正在运作,2025-06-11,2025-06-06,,,7.0,0,主观多头
璞归灵活配置1号私募证券投资基金,浙江璞归资产管理有限公司,正在运作,2025-06-11,2025-05-20,,,1.0,0,主观多头
黑玺驰恒5号私募证券投资基金,杭州黑玺资产管理有限公司,正在运作,2025-06-11,2025-06-04,,,2.0,0,主观多头
臻远臻龙五号私募证券投资基金,浙江臻远投资管理有限公司,正在运作,2025-06-11,2025-05-30,,,1.0,0,主观多头
量派信淮对冲67号八期私募证券投资基金,上海量派投资管理有限公司,正在运作,2025-06-11,2025-06-03,量派,P1071253,7.0,1,市场中性
广州穗开智远创业投资基金合伙企业（有限合伙）,广州穗开股权投资有限公司,正在运作,2025-06-11,2025-06-04,,,2.0,0,主观多头
世纪前沿小满量化对冲69号私募证券投资基金,海南世纪前沿私募基金管理有限公司,正在运作,2025-06-11,2025-06-06,世纪前沿,P1068951,6.0,1,市场中性
陕西智天航钛股权投资合伙企业（有限合伙）,陕西投资基金管理有限公司,正在运作,2025-06-11,2025-05-09,,,1.0,0,主观多头
共青城田美创业投资合伙企业（有限合伙）,珠海横琴物美通达私募基金投资管理有限公司,正在运作,2025-06-11,2025-05-23,,,1.0,0,主观多头
中投鼎鸿价值优选8号私募证券投资基金,中投鼎鸿（北京）投资基金管理有限公司,正在运作,2025-06-11,2025-06-06,,,1.0,0,主观多头
厦门国升银城文体旅创业投资合伙企业（有限合伙）,厦门国升发展私募基金管理有限责任公司,正在运作,2025-06-11,2025-06-06,,,1.0,0,主观多头
广东梅县产业发展基金合伙企业（有限合伙）,广东华骏股权投资基金管理有限公司,正在运作,2025-06-11,2025-05-26,,,1.0,0,主观多头
观理摘金和源成长1号私募证券投资基金,广东观理私募证券投资基金管理有限公司,正在运作,2025-06-11,2025-06-06,,,3.0,0,主观多头
前海久盈知微三号私募证券投资基金,深圳前海久盈投资管理有限公司,正在运作,2025-06-11,2025-06-06,,,7.0,0,主观多头
黑翼衡盈多策略6号私募证券投资基金,上海黑翼资产管理有限公司,正在运作,2025-06-11,2025-06-06,黑翼,P1004419,5.0,1,空气指增
黑翼中性多策略66号私募证券投资基金,上海黑翼资产管理有限公司,正在运作,2025-06-11,2025-06-06,黑翼,P1004419,5.0,1,市场中性
汇芯二十一期股权投资（南平）合伙企业（有限合伙）,深圳市汇芯股权投资管理有限公司,正在运作,2025-06-11,2025-06-03,,,1.0,0,主观多头
澜熙向荣7号私募证券投资基金,上海澜熙资产管理有限公司,正在运作,2025-06-11,2025-06-06,,,1.0,0,主观多头
金锝仁贤17号私募证券投资基金,上海金锝私募基金管理有限公司,正在运作,2025-06-11,2025-06-04,金锝,P1008275,3.0,1,空气指增
信展岩衡稳进私募证券投资基金,广东信展私募基金管理有限公司,正在运作,2025-06-11,2025-06-06,,,1.0,0,主观多头
金时信星际风云一号私募证券投资基金,武汉金时信私募基金管理有限公司,正在运作,2025-06-11,2025-06-03,,,1.0,0,主观多头
湖南湘投璞信股权投资合伙企业（有限合伙）,湖南湘投私募基金管理有限公司,正在运作,2025-06-11,2025-02-18,,,1.0,0,主观多头
嘉兴中九锐新科技创业投资合伙企业（有限合伙）,四川中物创业投资有限公司,正在运作,2025-06-11,2025-06-09,,,1.0,0,主观多头
邦阁鸿远1号私募证券投资基金,上海邦阁私募基金管理有限公司,正在运作,2025-06-11,2025-06-03,,,2.0,0,主观多头
老骥2号彭陈张私募证券投资基金,广州彭陈张资产管理有限公司,正在运作,2025-06-11,2025-06-03,,,1.0,0,主观多头
金锝仁贤18号私募证券投资基金,上海金锝私募基金管理有限公司,正在运作,2025-06-11,2025-06-06,金锝,P1008275,3.0,1,空气指增
英昊清如5号私募证券投资基金,上海英昊资产管理有限公司,正在运作,2025-06-11,2025-05-29,,,1.0,0,主观多头
富华豚泉3号私募证券投资基金,北京富华资信私募基金管理有限公司,正在运作,2025-06-11,2025-06-06,,,1.0,0,主观多头
远和可旺定制精选9号私募证券投资基金,扬州远和私募基金有限公司,正在运作,2025-06-11,2025-06-06,,,3.0,0,主观多头
嘉兴瀚理涉川股权投资合伙企业（有限合伙）,杭州瀚理投资管理有限公司,正在运作,2025-06-11,2025-06-06,,,1.0,0,主观多头
台州畅德创业投资合伙企业（有限合伙）,上海鸿富私募基金管理有限公司,正在运作,2025-06-11,2025-06-06,,,1.0,0,主观多头
嘉兴天启泽枫股权投资合伙企业（有限合伙）,嘉兴天启私募基金管理有限公司,正在运作,2025-06-11,2025-06-09,,,1.0,0,主观多头
深圳九派智远创业投资合伙企业（有限合伙）,深圳市前海九派资本管理合伙企业（有限合伙）,正在运作,2025-06-11,2025-06-06,,,1.0,0,主观多头
杭州全志创业投资合伙企业（有限合伙）,华夏恒天资本管理有限公司,正在运作,2025-06-11,2025-06-06,,,1.0,0,主观多头
北京平准基础设施不动产股权投资基金合伙企业（有限合伙）,国寿资本投资有限公司,正在运作,2025-06-11,2025-06-10,,,1.0,0,主观多头
安子极客量化精选三号私募证券投资基金,深圳安子私募证券基金管理有限公司,正在运作,2025-06-10,2025-06-05,,,3.0,0,主观多头
凯利致远兴达私募证券投资基金,深圳凯利私募证券基金管理有限公司,正在运作,2025-06-10,2025-04-28,,,1.0,0,主观多头
灌南县农业产业投资基金合伙企业（有限合伙）,江苏金桥私募基金管理有限公司,正在运作,2025-06-10,2025-04-25,,,1.0,0,主观多头
信璞投资-金选价值M2私募证券投资基金,上海信璞私募基金管理中心（有限合伙）,正在运作,2025-06-10,2025-06-04,,,1.0,0,主观多头
澄源金秋1期私募证券投资基金,澄源（北京）私募基金管理有限公司,正在运作,2025-06-10,2025-05-27,,,1.0,0,主观多头
民森核心资产私募证券投资基金,深圳民森投资有限公司,正在运作,2025-06-10,2025-06-10,,,1.0,0,主观多头
开封文投创业投资基金合伙企业（有限合伙）,开封国本私募基金管理有限公司,正在运作,2025-06-10,2024-12-31,,,1.0,0,主观多头
领航超越-鲲鹏3号私募证券投资基金,北京领航超越私募基金管理有限公司,正在运作,2025-06-10,2025-04-23,,,1.0,0,主观多头
南京晨宇鹏瑞创业投资合伙企业（有限合伙）,东方鹏睿投资基金管理（北京）有限公司,正在运作,2025-06-10,2025-05-26,,,2.0,0,主观多头
共青城凯莱瑞并购股权投资合伙企业（有限合伙）,深圳凯莱瑞资本创业投资有限公司,正在运作,2025-06-10,2025-04-29,,,1.0,0,主观多头
广金美好汇金江精选一号FOF私募证券投资基金,横琴广金美好基金管理有限公司,正在运作,2025-06-10,2025-06-05,,,3.0,0,主观多头
量派信选CTA十二号私募证券投资基金,上海量派投资管理有限公司,正在运作,2025-06-10,2025-05-29,量派,P1071253,7.0,1,空气指增
卓惟远见钱塘1号私募证券投资基金,杭州卓惟资产管理有限公司,正在运作,2025-06-10,2025-06-05,,,1.0,0,主观多头
杭州普罗先进创业投资基金合伙企业（有限合伙）,珠海普罗私募基金管理合伙企业（有限合伙）,正在运作,2025-06-10,2025-05-26,,,1.0,0,主观多头
潜麟稳进一号私募证券投资基金,上海潜麟私募基金管理有限公司,正在运作,2025-06-10,2025-04-29,,,1.0,0,主观多头
念觉百川指增稳健Plus3号私募证券投资基金,杭州念觉资产管理有限公司,正在运作,2025-06-10,2025-05-29,念空,P1066462,2.0,1,指数增强
博荃方得医疗健康1号私募证券投资基金,上海博荃方得私募基金管理有限公司,正在运作,2025-06-10,2025-06-04,,,1.0,0,主观多头
煜诚创新优势私募证券投资基金,北京煜诚私募基金管理有限公司,正在运作,2025-06-10,2025-05-23,,,1.0,0,主观多头
尊和百瑞吉8号私募证券投资基金,杭州尊和资产管理有限公司,正在运作,2025-06-10,2025-05-29,,,7.0,0,主观多头
满风微分5号量化对冲私募证券投资基金,上海满风资产管理有限公司,正在运作,2025-06-10,2025-06-05,,,1.0,0,主观多头
兼济臻选7号私募证券投资基金,杭州兼济投资管理有限公司,正在运作,2025-06-10,2025-05-30,,,1.0,0,主观多头
超量子源泉500指数增强私募证券投资基金,深圳市前海超量子基金管理有限公司,正在运作,2025-06-10,2025-06-05,超量子,P1071044,2.0,1,指数增强
嘉兴文投星光股权投资合伙企业（有限合伙）,陕西文投资本管理有限公司,正在运作,2025-06-10,2025-05-30,,,1.0,0,主观多头
平湖泽新科创产业投资合伙企业（有限合伙）,深圳泽奕私募创业投资基金管理有限公司,正在运作,2025-06-10,2025-05-30,,,1.0,0,主观多头
诚奇兴泰锐进运作1号私募证券投资基金,深圳诚奇资产管理有限公司,正在运作,2025-06-10,2025-06-04,诚奇,P1001430,5.0,1,空气指增
扬州芯视界股权投资合伙企业（有限合伙）,上海今实投资管理有限公司,正在运作,2025-06-10,2025-05-21,,,1.0,0,主观多头
橡杉星耀尊享12期私募证券投资基金,上海橡杉资产管理有限公司,正在运作,2025-06-10,2025-06-05,,,1.0,0,主观多头
信汇泉-估值逻辑奋进8000私募证券投资基金,北京信汇泉私募基金管理有限公司,正在运作,2025-06-10,2025-05-23,,,1.0,0,主观多头
九坤千舆中证1000指数增强专享21号私募证券投资基金,九坤投资（北京）有限公司,正在运作,2025-06-10,2025-06-04,九坤,P1003313,7.0,1,指数增强
北恒弘铭私募证券投资基金,海南北恒私募基金管理中心（有限合伙）,正在运作,2025-06-10,2025-05-27,,,2.0,0,主观多头
铭跃臻韵一号私募证券投资基金,上海铭跃私募基金管理合伙企业（有限合伙）,正在运作,2025-06-10,2025-05-21,,,1.0,0,主观多头
苏州工业园区薄荷四期创业投资合伙企业（有限合伙）,苏州工业园区薄荷创业投资管理有限公司,正在运作,2025-06-10,2025-06-10,,,1.0,0,主观多头
量智数益CTA一号私募证券投资基金,上海量智私募基金管理有限公司,正在运作,2025-06-10,2025-06-05,,,2.0,0,主观多头
鸿途致远智选1号私募证券投资基金,鸿途私募基金管理（广东）有限公司,正在运作,2025-06-10,2025-06-05,,,1.0,0,主观多头
北京安鹏科创汽车产业投资基金合伙企业（有限合伙）,深圳市安鹏股权投资基金管理有限公司,正在运作,2025-06-10,2025-06-04,,,1.0,0,主观多头
信淮诚奇量化优选8号1期私募证券投资基金,深圳诚奇资产管理有限公司,正在运作,2025-06-10,2025-06-04,诚奇,P1001430,5.0,1,空气指增
稳鑫多策略1号私募证券投资基金,海南稳鑫私募基金管理有限公司,正在运作,2025-06-10,2025-05-28,,,1.0,0,主观多头
前海久盈安得七号私募证券投资基金,深圳前海久盈投资管理有限公司,正在运作,2025-06-10,2025-06-05,,,7.0,0,主观多头
无涯中证1000指数增强2号私募证券投资基金,上海无涯私募基金管理有限公司,正在运作,2025-06-10,2025-05-30,,,2.0,0,主观多头
南京险峰淇云创业投资合伙企业（有限合伙）,西藏险峰长晴创业投资管理有限公司,正在运作,2025-06-10,2025-04-11,,,2.0,0,主观多头
中南璞阳一号私募证券投资基金,深圳市中南资本管理有限公司,正在运作,2025-06-10,2025-05-29,,,1.0,0,主观多头
橡木金诚3号私募证券投资基金,杭州橡木私募基金管理有限公司,正在运作,2025-06-10,2025-06-05,,,2.0,0,主观多头
青岛厚天星宸创业投资基金合伙企业（有限合伙）,厚天（北京）资本管理有限公司,正在运作,2025-06-10,2025-06-03,,,1.0,0,主观多头
孝庸魔方汇股票优选二号金享2期私募证券投资基金,上海孝庸私募基金管理有限公司,正在运作,2025-06-10,2025-05-30,,,6.0,0,主观多头
观理摘金恒泰明选专享1号私募证券投资基金,广东观理私募证券投资基金管理有限公司,正在运作,2025-06-10,2025-06-04,,,3.0,0,主观多头
汇创锦溪七号私募证券投资基金,宁波汇创资产管理有限公司,正在运作,2025-06-10,2025-05-29,,,1.0,0,主观多头
邢台市新智新能源股权投资合伙企业（有限合伙）,陕西丝路同辉私募基金管理有限公司,正在运作,2025-06-10,2025-05-21,,,1.0,0,主观多头
京华世家积极配置12号私募证券投资基金,京华世家私募基金管理（北京）有限公司,正在运作,2025-06-10,2025-05-29,,,2.0,0,主观多头
黑皇致远2号私募证券投资基金,浙江黑皇资产管理有限公司,正在运作,2025-06-10,2025-05-29,,,1.0,0,主观多头
洛阳工控新星创业投资合伙企业（有限合伙）,洛阳国宏资本创业投资有限公司,正在运作,2025-06-10,2025-05-29,,,1.0,0,主观多头
苏州工业园区中和比利吉投资合伙企业（有限合伙）,锦绣中和（北京）资本管理有限公司,正在运作,2025-06-10,2025-05-28,,,1.0,0,主观多头
贵阳高创领航私募股权投资基金合伙企业（有限合伙）,北京和浦云洲投资管理有限公司,正在运作,2025-06-10,2025-05-22,,,1.0,0,主观多头
金锝仁贤16号私募证券投资基金,上海金锝私募基金管理有限公司,正在运作,2025-06-10,2025-05-30,金锝,P1008275,3.0,1,空气指增
天戈泰和私募证券投资基金,上海天戈投资管理有限公司,正在运作,2025-06-10,2025-05-29,,,1.0,0,主观多头
翰荣金秋壹号私募证券投资基金,深圳翰荣私募证券基金管理有限公司,正在运作,2025-06-10,2025-06-05,,,3.0,1,空气指增
龙旗江海远山71期私募证券投资基金,杭州龙旗科技有限公司,正在运作,2025-06-10,2025-05-29,龙旗,P1000676,2.0,1,空气指增
瀚鑫纸鸢低波私募证券投资基金,深圳市瀚鑫私募证券投资基金管理有限公司,正在运作,2025-06-10,2025-06-05,,,2.0,0,主观多头
蚌埠科促创业投资基金合伙企业（有限合伙）,蚌埠中城创业投资有限公司,正在运作,2025-06-10,2025-03-28,,,1.0,0,主观多头
榕树海有容7号私募证券投资基金,榕树海私募基金管理（珠海）有限责任公司,正在运作,2025-06-10,2025-06-05,,,3.0,1,空气指增
泓熙德兴进取1号私募证券投资基金,泓熙（江苏）私募基金管理有限公司,正在运作,2025-06-10,2025-06-05,,,1.0,0,主观多头
上海黄浦领投创业投资合伙企业（有限合伙）,上海汇盈私募基金管理有限公司,正在运作,2025-06-10,2025-05-29,,,1.0,0,主观多头
共青城慕华七号股权投资合伙企业（有限合伙）,上海慕华金誉股权投资管理合伙企业（有限合伙）,正在运作,2025-06-10,2025-05-30,,,1.0,0,主观多头
济宁高新绿色低碳股权投资合伙企业（有限合伙）,山东科创投资有限公司,正在运作,2025-06-10,2025-05-29,,,1.0,0,主观多头
嘉兴安旭股权投资合伙企业（有限合伙）,深圳金沙江联合华皓天使私募创业投资基金管理有限公司,正在运作,2025-06-10,2025-05-29,,,2.0,0,主观多头
盛丰量化选股晨曦2号私募证券投资基金,海南盛丰私募基金管理有限公司,正在运作,2025-06-10,2025-06-05,,,4.0,1,空气指增
道谊金量固定收益1号私募证券投资基金,深圳前海道谊投资控股有限公司,正在运作,2025-06-10,2025-06-03,,,1.0,0,主观多头
湖南兴湘绿色私募股权基金合伙企业（有限合伙）,湖南兴湘新兴产业投资基金管理有限公司,正在运作,2025-06-10,2024-10-14,,,1.0,0,主观多头
扬州泓泽希成创业投资合伙企业（有限合伙）,上海添宥投资管理有限公司,正在运作,2025-06-10,2025-06-03,,,1.0,0,主观多头
苏州海望合纵一号股权投资合伙企业（有限合伙）,上海浦东海望私募基金管理有限公司,正在运作,2025-06-10,2025-06-05,,,1.0,0,主观多头
当涂县智能家电创业投资基金合伙企业（有限合伙）,安徽创谷股权投资基金管理有限公司,正在运作,2025-06-10,2025-05-30,,,2.0,0,主观多头
物朴青云一号私募证券投资基金,上海物朴资产管理合伙企业（有限合伙）,正在运作,2025-06-10,2025-06-05,,,1.0,0,主观多头
上杭兴杭星耀创业投资合伙企业（有限合伙）,上杭县兴杭创业投资有限公司,正在运作,2025-06-10,2025-06-03,,,1.0,0,主观多头
南通至精通昇半导体产业投资基金合伙企业（有限合伙）,上海至衍私募基金管理有限公司,正在运作,2025-06-10,2025-06-04,,,1.0,0,主观多头
盐城普丰创达私募投资基金合伙企业（有限合伙）,北京普丰私募基金管理有限公司,正在运作,2025-06-10,2025-06-05,,,1.0,0,主观多头
乌鲁木齐工业产业股权投资基金合伙企业（有限合伙）,乌鲁木齐市重点产业私募基金管理有限公司,正在运作,2025-06-10,2025-06-06,,,1.0,0,主观多头
砥俊宏观对冲7号私募证券投资基金,上海砥俊资产管理中心（有限合伙）,正在运作,2025-06-10,2025-06-10,,,1.0,0,主观多头
博惠远航私募证券投资基金,深圳博惠投资管理有限公司,正在运作,2025-06-10,2025-05-19,,,1.0,0,主观多头
照月春江1号私募证券投资基金,成都照月私募基金管理有限公司,正在运作,2025-06-10,2025-05-30,,,1.0,0,主观多头
共青城天兴探芯创业投资合伙企业（有限合伙）,上海天兴未石私募基金管理有限公司,正在运作,2025-06-09,2025-05-30,,,1.0,0,主观多头
千里嘉宸优享一期私募证券投资基金,千里私募证券投资基金管理（广东）有限公司,正在运作,2025-06-09,2025-04-18,,,1.0,0,主观多头
星荣宸紫薇1号私募证券投资基金,青岛星荣宸私募基金管理有限公司,正在运作,2025-06-09,2025-05-16,,,1.0,0,主观多头
佳睿同道海扬一号私募证券投资基金,佳睿（晋江）私募基金管理有限公司,正在运作,2025-06-09,2025-05-06,,,1.0,0,主观多头
景弘价值长赢三号私募证券投资基金,西安景弘基金管理有限公司,正在运作,2025-06-09,2025-06-03,,,1.0,0,主观多头
诚益顺进一号私募证券投资基金,北京诚益资产管理中心（有限合伙）,正在运作,2025-06-09,2025-01-27,,,1.0,0,主观多头
顽岩信享稳健3号私募证券投资基金,上海顽岩私募基金管理有限公司,正在运作,2025-06-09,2025-05-29,顽岩,P1034708,5.0,1,空气指增
纽达投资善衡十号私募证券投资基金,珠海纽达投资管理有限公司,正在运作,2025-06-09,2025-06-04,,,1.0,0,主观多头
澎湃博爱1号私募证券投资基金,澎湃资本管理（深圳）有限公司,正在运作,2025-06-09,2025-04-29,,,1.0,0,主观多头
元图中证1000指数增强3号私募证券投资基金,上海元图私募基金管理有限公司,正在运作,2025-06-09,2025-06-04,,,1.0,0,主观多头
多盈云起1号私募证券投资基金,深圳前海多盈财富资产管理有限公司,正在运作,2025-06-09,2025-04-17,,,1.0,0,主观多头
靖奇骏盈卓越私募证券投资基金,上海靖奇投资管理有限公司,正在运作,2025-06-09,2025-06-04,,,2.0,0,主观多头
守正用奇指数增强3号私募证券投资基金,广州守正用奇私募基金管理有限公司,正在运作,2025-06-09,2025-06-04,,,2.0,1,指数增强
冠川鼎晟坤元1号私募证券投资基金,成都冠川资产管理有限公司,正在运作,2025-06-09,2025-05-26,,,1.0,0,主观多头
东来金丰1号私募证券投资基金,宁波东来方元投资管理合伙企业（有限合伙）,正在运作,2025-06-09,2025-04-29,,,1.0,0,主观多头
高远大专享1号私募证券投资基金,深圳前海高远大投资管理有限公司,正在运作,2025-06-09,2025-05-30,,,1.0,0,主观多头
高信百诺钧泓1号私募证券投资基金,北京高信百诺投资管理有限公司,正在运作,2025-06-09,2025-06-09,,,1.0,0,主观多头
吉安市吉州区中新产业引导基金合伙企业（有限合伙）,深圳中欧基金投资有限公司,正在运作,2025-06-09,2025-04-18,,,1.0,0,主观多头
嘉兴扬贺股权投资合伙企业（有限合伙）,上海敦鸿资产管理有限公司,正在运作,2025-06-09,2025-05-29,,,1.0,0,主观多头
微恒（广东）创业投资合伙企业（有限合伙）,海南泓川源私募基金管理有限公司,正在运作,2025-06-09,2025-06-04,,,1.0,0,主观多头
宁波溢锋丰盛1号私募证券投资基金,宁波溢锋私募基金管理有限公司,正在运作,2025-06-09,2025-06-04,,,1.0,0,主观多头
旌安聚远私募证券投资基金,浙江旌安私募基金有限公司,正在运作,2025-06-09,2025-05-26,,,1.0,0,主观多头
因诺期权29号私募证券投资基金,因诺（上海）资产管理有限公司,正在运作,2025-06-09,2025-06-04,因诺,P1006164,2.0,1,空气指增
扬州湛芯创业投资合伙企业（有限合伙）,海南超越摩尔私募基金管理有限公司,正在运作,2025-06-09,2025-05-28,,,1.0,0,主观多头
富尔乐鋆瑶1号私募证券投资基金,上海富尔乐投资管理有限公司,正在运作,2025-06-09,2025-05-20,,,1.0,0,主观多头
天津星恒璇玑创业投资合伙企业（有限合伙）,上海创星之光创业投资管理有限公司,正在运作,2025-06-09,2025-04-09,,,2.0,0,主观多头
致邃投资-雪香对冲量化18号私募证券投资基金,上海致邃投资管理有限公司,正在运作,2025-06-09,2025-05-20,,,1.0,0,主观多头
共青城盈科具身智能创业投资合伙企业（有限合伙）,重庆盈科股权投资基金管理有限公司,正在运作,2025-06-09,2025-05-30,,,1.0,0,主观多头
润达策略4号私募证券投资基金,广东润达私募基金管理有限公司,正在运作,2025-06-09,2025-05-23,,,1.0,0,主观多头
乾铭颂瑞FOF2号私募证券投资基金,浙江乾铭私募基金管理有限公司,正在运作,2025-06-09,2025-06-04,,,1.0,0,主观多头
诚奇兴泰锐进1号私募证券投资基金,深圳诚奇资产管理有限公司,正在运作,2025-06-09,2025-06-04,诚奇,P1001430,5.0,1,空气指增
东宏长安尊享1号私募证券投资基金,北京东宏世家资产管理有限公司,正在运作,2025-06-09,2025-05-26,,,1.0,0,主观多头
指南上远2期私募证券投资基金,上海指南行远私募基金管理有限公司,正在运作,2025-06-09,2025-05-29,,,1.0,0,主观多头
聚宽方隽中证全指指数增强一号私募证券投资基金,北京聚宽投资管理有限公司,正在运作,2025-06-09,2025-06-04,聚宽,P1066435,3.0,1,指数增强
箫峰风神和君1号私募证券投资基金,上海箫峰私募基金管理有限公司,正在运作,2025-06-09,2025-05-20,,,1.0,0,主观多头
正仁成易达择时量选二期私募证券投资基金,海南正仁量化私募基金管理有限公司,正在运作,2025-06-09,2025-05-30,,,4.0,1,空气指增
常州市未来产业天使基金合伙企业（有限合伙）,苏州元禾控股股份有限公司,正在运作,2025-06-09,2025-05-07,,,1.0,0,主观多头
成都高新愿景电子信息产业股权投资合伙企业（有限合伙）,成都倍特私募基金管理有限公司,正在运作,2025-06-09,2025-05-16,,,1.0,0,主观多头
新宇永丰CTA二号私募证券投资基金,绍兴市新宇资产管理有限公司,正在运作,2025-06-09,2025-05-30,,,1.0,0,主观多头
聚宽中证2000增强二号私募证券投资基金,北京聚宽投资管理有限公司,正在运作,2025-06-09,2025-05-27,聚宽,P1066435,3.0,1,指数增强
共青城携玖创业投资合伙企业（有限合伙）,国科东方（上海）私募基金管理有限公司,正在运作,2025-06-09,2025-06-03,,,1.0,0,主观多头
淮安豪恩见素产业投资基金合伙企业（有限合伙）,广州见素私募基金管理有限公司,正在运作,2025-06-09,2025-05-22,,,1.0,0,主观多头
博润银泰魔方149号私募证券投资基金,北京博润银泰投资管理有限公司,正在运作,2025-06-09,2025-06-09,博润银泰,P1002960,3.0,1,空气指增
茂源量化多策略12号5期私募证券投资基金,茂源量化（海南）私募基金管理合伙企业（有限合伙）,正在运作,2025-06-09,2025-06-04,,,2.0,1,空气指增
泓原香湾中证1000指数增强2号私募证券投资基金,上海泓原私募基金管理有限公司,正在运作,2025-06-09,2025-06-04,,,2.0,0,主观多头
深度聚配专享量化0号私募证券投资基金,杭州深度资产管理有限公司,正在运作,2025-06-09,2025-05-27,,,3.0,0,主观多头
安子极客CTA二号私募证券投资基金,深圳安子私募证券基金管理有限公司,正在运作,2025-06-09,2025-06-04,,,3.0,0,主观多头
红筹宝龙家族2号私募证券投资基金,深圳市红筹投资有限公司,正在运作,2025-06-09,2025-06-09,,,1.0,0,主观多头
微观博易-古玉定制一号私募证券投资基金,北京微观博易私募基金管理有限公司,正在运作,2025-06-09,2025-06-04,微观博易,P1031932,4.0,1,空气指增
黑翼中性多策略42号私募证券投资基金,上海黑翼资产管理有限公司,正在运作,2025-06-09,2025-06-04,黑翼,P1004419,5.0,1,市场中性
正瀛骐骥指数增强60号私募证券投资基金,上海正瀛资产管理有限公司,正在运作,2025-06-09,2025-06-04,正瀛,P1060813,4.0,1,指数增强
添益岳昇一号私募证券投资基金,上海添益私募基金管理有限责任公司,正在运作,2025-06-09,2025-06-04,,,2.0,0,主观多头
半鞅量化精选6号私募证券投资基金,上海半鞅私募基金管理合伙企业（有限合伙）,正在运作,2025-06-09,2025-06-04,,,2.0,1,空气指增
广州清泉私募股权投资基金合伙企业（有限合伙）,广州永泓股权投资管理有限公司,正在运作,2025-06-09,2025-05-26,,,1.0,0,主观多头
乐水信享对冲一号私募证券投资基金,北京乐水私募基金管理有限公司,正在运作,2025-06-09,2025-06-03,,,3.0,1,市场中性
承未来-睿郡欣享8号私募证券投资基金,上海睿郡资产管理有限公司,正在运作,2025-06-09,2025-05-28,,,3.0,0,主观多头
安吉港盈一期股权投资合伙企业（有限合伙）,南京中益仁投资有限公司,正在运作,2025-06-09,2025-05-15,,,1.0,0,主观多头
金和至信稳健18号私募证券投资基金,河南金和基金管理有限公司,正在运作,2025-06-09,2025-06-04,,,1.0,0,主观多头
启泰多策略尊享2号私募证券投资基金,上海启泰私募基金管理有限公司,正在运作,2025-06-09,2025-06-04,,,1.0,0,主观多头
顽岩黄河路2号私募证券投资基金,上海顽岩私募基金管理有限公司,正在运作,2025-06-09,2025-05-30,顽岩,P1034708,5.0,1,空气指增
淮安桐创瑞奕产业投资基金合伙企业（有限合伙）,上海悦盟投资管理中心（有限合伙）,正在运作,2025-06-09,2025-05-30,,,1.0,0,主观多头
智领泽临套利七号私募证券投资基金,福州高新区智领三联私募基金管理有限公司,正在运作,2025-06-09,2025-06-04,,,2.0,0,主观多头
观理摘金永享1号私募证券投资基金,广东观理私募证券投资基金管理有限公司,正在运作,2025-06-09,2025-06-04,,,3.0,0,主观多头
希瓦大炮1号私募证券投资基金,上海希瓦私募基金管理中心（有限合伙）,正在运作,2025-06-09,2025-06-09,,,1.0,0,主观多头
玄元元增20号私募证券投资基金,玄元私募基金投资管理（广东）有限公司,正在运作,2025-06-09,2025-06-04,玄元,P1029168,5.0,1,空气指增
探针泰亚5号私募证券投资基金,上海探针投资有限公司,正在运作,2025-06-09,2025-06-04,,,1.0,0,主观多头
宏锡量化87号私募证券投资基金,广东宏锡基金管理有限公司,正在运作,2025-06-09,2025-06-04,,,2.0,0,主观多头
嘉兴晨泽股权投资合伙企业（有限合伙）,晨峰基石（杭州）创业投资有限公司,正在运作,2025-06-06,2025-05-30,,,1.0,0,主观多头
致远量化对冲运作21号私募证券投资基金,致诚卓远（珠海）投资管理合伙企业（有限合伙）,正在运作,2025-06-06,2025-06-03,致诚卓远,P1065479,2.0,1,市场中性
广东省融湾壹号股权投资基金合伙企业（有限合伙）,艾格（天津）股权投资基金管理有限公司,正在运作,2025-06-06,2025-05-26,,,1.0,0,主观多头
衍复金选中证A500指数增强A期私募证券投资基金,上海衍复投资管理有限公司,正在运作,2025-06-06,2025-05-30,衍复,P1070325,5.0,1,指数增强
正仁沪深300中性对冲私募证券投资基金,海南正仁量化私募基金管理有限公司,正在运作,2025-06-06,2025-05-15,,,4.0,1,市场中性
通源得一安驰CTA一号私募证券投资基金,珠海横琴通源得一私募基金管理有限公司,正在运作,2025-06-06,2025-05-20,,,1.0,0,主观多头
道明泽田私募证券投资基金,深圳市前海道明投资管理有限公司,正在运作,2025-06-06,2025-05-27,,,1.0,0,主观多头
黑玺智选1号私募证券投资基金,杭州黑玺资产管理有限公司,正在运作,2025-06-06,2025-06-03,,,2.0,0,主观多头
榕树嘉宾私募证券投资基金,深圳市榕树投资管理有限公司,正在运作,2025-06-06,2025-06-06,,,1.0,0,主观多头
九坤千舆中证1000指数增强专享20号私募证券投资基金,九坤投资（北京）有限公司,正在运作,2025-06-06,2025-05-29,九坤,P1003313,7.0,1,指数增强
玮博可转债增强1号私募证券投资基金,杭州玮博私募基金管理有限公司,正在运作,2025-06-06,2025-05-15,,,1.0,0,主观多头
盛运德诚致远3号私募证券投资基金,北京盛运德诚投资管理有限责任公司,正在运作,2025-06-06,2025-05-30,,,1.0,0,主观多头
达润永利1号私募证券投资基金,江苏达润资产管理有限公司,正在运作,2025-06-06,2025-06-03,,,1.0,0,主观多头
睿郡31号私募证券投资基金,上海睿郡资产管理有限公司,正在运作,2025-06-06,2025-05-14,,,3.0,0,主观多头
飞渡雪瑞创新三号私募证券投资基金,三亚飞渡雪瑞私募基金管理有限公司,正在运作,2025-06-06,2025-05-27,,,1.0,0,主观多头
毅远稳健套利11号私募证券投资基金,上海毅远私募基金管理有限公司,正在运作,2025-06-06,2025-05-26,,,1.0,0,主观多头
世纪前沿松柏量化对冲18号一期私募证券投资基金,海南世纪前沿私募基金管理有限公司,正在运作,2025-06-06,2025-05-28,世纪前沿,P1068951,6.0,1,市场中性
枫红宏利2号私募证券投资基金,武汉枫红私募基金管理有限公司,正在运作,2025-06-06,2025-05-23,,,1.0,0,主观多头
正定信淮中证1000指数增强8号私募证券投资基金,北京正定私募基金管理合伙企业（有限合伙）,正在运作,2025-06-06,2025-05-30,正定,P1073791,2.0,1,指数增强
万葵尊享35号家族私募证券投资基金,东莞市万葵资产管理有限公司,正在运作,2025-06-06,2025-06-03,,,1.0,0,主观多头
江亿资本复兴之路三期私募证券投资基金,北京江亿资本管理有限公司,正在运作,2025-06-06,2025-05-28,,,1.0,0,主观多头
拿特复兴十三期私募证券投资基金,上海拿特资产管理有限公司,正在运作,2025-06-06,2025-06-06,,,1.0,0,主观多头
嘉信达三口井稳健私募证券投资基金,珠海嘉信达私募基金管理有限公司,正在运作,2025-06-06,2025-06-03,,,1.0,0,主观多头
鸣熙红利低波精选1号私募证券投资基金,上海鸣熙资产管理有限公司,正在运作,2025-06-06,2025-05-29,鸣熙,P1033450,2.0,1,空气指增
济南华函博瑞股权投资合伙企业（有限合伙）,共青城华建函数私募基金管理有限公司,正在运作,2025-06-06,2025-05-30,,,1.0,0,主观多头
九和岛取道领投私募证券投资基金,陕西九和岛基金管理有限公司,正在运作,2025-06-06,2025-05-28,,,1.0,0,主观多头
量道乘享2号私募证券投资基金,深圳量道投资管理有限公司,正在运作,2025-06-06,2025-05-26,量道,P1016658,1.0,1,空气指增
路远泽鑫3号私募证券投资基金,海南路远私募基金管理有限公司,正在运作,2025-06-06,2025-05-26,,,1.0,0,主观多头
高溪辉阳1号私募证券投资基金,北京高溪资产管理有限公司,正在运作,2025-06-06,2025-05-26,,,1.0,0,主观多头
时间序列立信多策略1号私募证券投资基金,青岛时间序列资产管理有限公司,正在运作,2025-06-06,2025-06-03,,,3.0,0,主观多头
苏州农业产业科技创新投资合伙企业（有限合伙）,苏州农发创新资本管理有限公司,正在运作,2025-06-06,2025-06-03,,,1.0,0,主观多头
敦和年轮量化对冲专享1号私募证券投资基金,敦和资产管理有限公司,正在运作,2025-06-06,2025-05-30,,,1.0,0,主观多头
无涯中证2000指数增强1号私募证券投资基金,上海无涯私募基金管理有限公司,正在运作,2025-06-06,2025-06-03,,,2.0,0,主观多头
国盈资本持安私募证券投资基金,深圳市国盈资本管理有限公司,正在运作,2025-06-06,2025-05-23,,,1.0,0,主观多头
宽远优势成长8号八期私募证券投资基金,上海宽远资产管理有限公司,正在运作,2025-06-06,2025-06-03,,,1.0,0,主观多头
共青城熹衡宽域二号创业投资合伙企业（有限合伙）,嘉兴晨熹私募基金管理有限公司,正在运作,2025-06-06,2025-05-26,,,1.0,0,主观多头
天津博行近思海棠海河创业投资合伙企业（有限合伙）,北京启沃博观投资管理合伙企业（有限合伙）,正在运作,2025-06-06,2025-04-30,,,1.0,0,主观多头
晖玉土星一号证券投资私募基金,上海晖玉投资管理有限公司,正在运作,2025-06-06,2025-05-28,,,1.0,0,主观多头
上海平岳横海私募投资基金合伙企业（有限合伙）,平安资本有限责任公司,正在运作,2025-06-06,2025-05-26,,,1.0,0,主观多头
深圳红灰十一号创业投资合伙企业（有限合伙）,深圳前海弘晖投资控股有限公司,正在运作,2025-06-06,2025-05-30,,,1.0,0,主观多头
正仁潮汐1000指数增强五号私募证券投资基金,海南正仁量化私募基金管理有限公司,正在运作,2025-06-06,2025-06-03,,,4.0,1,指数增强
东莞锐泰创业投资合伙企业（有限合伙）,深圳粤科鑫泰股权投资基金管理有限公司,正在运作,2025-06-06,2025-05-23,,,1.0,0,主观多头
呼和浩特市协同创新一期股权投资中心（有限合伙）,广东协同创新产业投资基金管理有限公司,正在运作,2025-06-06,2025-04-08,,,1.0,0,主观多头
世纪前沿300指数增强18号私募证券投资基金,海南世纪前沿私募基金管理有限公司,正在运作,2025-06-06,2025-06-03,世纪前沿,P1068951,6.0,1,指数增强
靖奇金品中国私募证券投资基金,上海靖奇投资管理有限公司,正在运作,2025-06-06,2025-05-29,,,2.0,0,主观多头
砚博乘风稳泰3号私募证券投资基金,深圳前海砚博乘风资产管理有限公司,正在运作,2025-06-06,2025-06-03,,,2.0,0,主观多头
尚宸慢慢成长E私募证券投资基金,武汉尚宸私募基金管理合伙企业（有限合伙）,正在运作,2025-06-06,2025-06-03,,,2.0,0,主观多头
安子心夏多策略十一号私募证券投资基金,深圳安子私募证券基金管理有限公司,正在运作,2025-06-06,2025-06-03,,,3.0,0,主观多头
铧昊日昇1号私募证券投资基金,厦门铧昊私募基金管理有限公司,正在运作,2025-06-06,2025-06-03,,,1.0,0,主观多头
共青城信石二十一号创业投资合伙企业（有限合伙）,北京汇智点石投资管理有限公司,正在运作,2025-06-06,2025-06-03,,,1.0,0,主观多头
长鲸中证A500指数增强2号私募证券投资基金,长鲸九州（北京）私募基金管理有限公司,正在运作,2025-06-06,2025-06-03,,,1.0,0,主观多头
北京富海浅棠前沿领域创业投资基金合伙企业（有限合伙）,深圳市富海鑫湾股权投资基金管理企业（有限合伙）,正在运作,2025-06-06,2025-06-06,,,1.0,0,主观多头
中睿合银储睿精选1号私募证券投资基金,西藏中睿合银投资管理有限公司,正在运作,2025-06-06,2025-06-06,,,1.0,0,主观多头
厚帛领望二号新机遇私募证券投资基金,深圳市前海厚帛资本管理有限公司,正在运作,2025-06-05,2025-03-21,,,1.0,0,主观多头
泓湖均衡配置八号私募证券投资基金,上海泓湖私募基金管理有限公司,正在运作,2025-06-05,2025-06-04,,,3.0,0,主观多头
艳珍中证2000指数增强私募证券投资基金,艳珍投资管理（上海）有限公司,正在运作,2025-06-05,2025-05-29,,,2.0,0,主观多头
融盛福瑞金安1号私募证券投资基金,北京融盛私募基金管理有限公司,正在运作,2025-06-05,2025-05-30,,,1.0,0,主观多头
鑫慧添利7号私募证券投资基金,北京鑫慧易通投资管理有限公司,正在运作,2025-06-05,2025-05-21,,,1.0,0,主观多头
光亿旺达收获2号私募证券投资基金,上海光亿旺达私募基金管理有限公司,正在运作,2025-06-05,2025-05-20,,,2.0,0,主观多头
盈瑞展恒一号私募证券投资基金,深圳市盈瑞投资有限公司,正在运作,2025-06-05,2025-03-27,,,1.0,0,主观多头
东方引擎优债甄选一号私募证券投资基金,北京东方引擎投资管理有限公司,正在运作,2025-06-05,2025-04-01,,,1.0,0,主观多头
蒲公英东方红1号私募证券投资基金,广东蒲公英证券投资基金管理有限公司,正在运作,2025-06-05,2025-04-24,,,1.0,0,主观多头
尚郡甜圈十号私募证券投资基金,上海尚郡投资管理有限公司,正在运作,2025-06-05,2025-05-23,,,1.0,0,主观多头
顽岩浙享1号私募证券投资基金,上海顽岩私募基金管理有限公司,正在运作,2025-06-05,2025-05-26,顽岩,P1034708,5.0,1,空气指增
量派信选CTA十二号3期私募证券投资基金,上海量派投资管理有限公司,正在运作,2025-06-05,2025-05-29,量派,P1071253,7.0,1,空气指增
西安卓越金资股权投资合伙企业（有限合伙）,陕西金资基金管理有限公司,正在运作,2025-06-05,2025-04-15,,,2.0,0,主观多头
常熟大科园昆晟创业投资有限公司,常熟开晟东南创业投资管理有限公司,正在运作,2025-06-05,2025-04-14,,,1.0,0,主观多头
念觉百川量化选股进取20号私募证券投资基金,杭州念觉资产管理有限公司,正在运作,2025-06-05,2025-05-29,念空,P1066462,2.0,1,空气指增
杭州远志观复1号私募证券投资基金,杭州远志私募基金管理有限公司,正在运作,2025-06-05,2025-05-19,,,1.0,0,主观多头
天算指增保护专享16号私募证券投资基金,天算量化（北京）资本管理有限公司,正在运作,2025-06-05,2025-05-30,天算,P1028908,3.0,1,指数增强
泽丰瑞熙守正创新3号私募证券投资基金,泽丰瑞熙私募证券基金管理（广东）有限公司,正在运作,2025-06-05,2025-05-30,,,1.0,0,主观多头
卓识信淮共赢1号私募证券投资基金,北京卓识私募基金管理有限公司,正在运作,2025-06-05,2025-05-30,卓识,P1063264,2.0,1,空气指增
世纪前沿金选中证1000指数增强B期私募证券投资基金,海南世纪前沿私募基金管理有限公司,正在运作,2025-06-05,2025-05-30,世纪前沿,P1068951,6.0,1,指数增强
卓远7号私募证券投资基金,湖南卓远基金管理有限公司,正在运作,2025-06-05,2025-05-26,,,1.0,0,主观多头
苏州芯禾凝瑞创业投资合伙企业（有限合伙）,海南芯禾私募基金管理合伙企业（有限合伙）,正在运作,2025-06-05,2025-04-22,,,1.0,0,主观多头
美好通汇如意5号私募证券投资基金,北京美好通汇投资管理有限责任公司,正在运作,2025-06-05,2025-05-12,,,1.0,0,主观多头
绵烁低波稳健1号私募证券投资基金,上海绵烁资产管理有限公司,正在运作,2025-06-05,2025-05-27,,,2.0,0,主观多头
中利云帆济海私募证券投资基金,上海中利资产管理有限公司,正在运作,2025-06-05,2025-05-27,,,1.0,0,主观多头
万乘元硕1号私募证券投资基金,长兴万乘私募基金管理有限公司,正在运作,2025-06-05,2025-04-28,,,1.0,0,主观多头
南京六合经开产业投资基金合伙企业（有限合伙）,江苏百联挚高创业投资管理有限公司,正在运作,2025-06-05,2025-05-26,,,1.0,0,主观多头
昆泰（安徽）私募股权投资基金合伙企业（有限合伙）,深圳前海宏兆基金管理有限公司,正在运作,2025-06-05,2025-05-07,,,1.0,0,主观多头
觅确投资-元臻臻选7号私募证券投资基金,上海觅确私募基金管理有限公司,正在运作,2025-06-05,2025-05-27,,,1.0,0,主观多头
瀚鑫纸鸢循迹私募证券投资基金,深圳市瀚鑫私募证券投资基金管理有限公司,正在运作,2025-06-05,2025-05-23,,,2.0,0,主观多头
六屏竹叶一期私募证券投资基金,北京六屏资产管理有限公司,正在运作,2025-06-05,2025-05-23,,,1.0,0,主观多头
成都锦江交子数智股权投资基金合伙企业（有限合伙）,成都兴锦股权投资基金管理有限公司,正在运作,2025-06-05,2025-04-30,,,1.0,0,主观多头
尊和博投8号私募证券投资基金,杭州尊和资产管理有限公司,正在运作,2025-06-05,2025-05-22,,,7.0,0,主观多头
安远安心二期私募证券投资基金,北京安远私募基金管理有限公司,正在运作,2025-06-05,2025-05-21,,,1.0,0,主观多头
磐泽韬略远望1号私募证券投资基金,北京磐泽资产管理有限公司,正在运作,2025-06-05,2025-06-04,,,1.0,0,主观多头
远希睿泽3号私募证券投资基金,上海远希私募基金管理有限公司,正在运作,2025-06-05,2025-05-22,,,1.0,0,主观多头
睿璞投资-睿添HM1期私募证券投资基金,广东睿璞投资管理有限公司,正在运作,2025-06-05,2025-05-30,,,1.0,0,主观多头
时也1号水牛私募证券投资基金,上海水牛金融信息服务有限公司,正在运作,2025-06-05,2025-05-20,,,1.0,0,主观多头
博原怡成（淄博）股权投资合伙企业（有限合伙）,博原（上海）私募基金管理有限公司,正在运作,2025-06-05,2025-05-27,,,1.0,0,主观多头
曼昂阳光二期私募证券投资基金,海南曼昂私募基金管理有限公司,正在运作,2025-06-05,2025-05-29,,,1.0,0,主观多头
榕树海有容6号私募证券投资基金,榕树海私募基金管理（珠海）有限责任公司,正在运作,2025-06-05,2025-05-30,,,3.0,1,空气指增
贝得择时量选1号私募证券投资基金,珠海贝得私募基金管理有限公司,正在运作,2025-06-05,2025-05-20,,,1.0,0,主观多头
金昌市城乡融合发展股权投资产业引导基金（有限合伙）,甘肃镍都私募基金管理有限公司,正在运作,2025-06-05,2025-04-03,,,1.0,0,主观多头
墨威熹昭1号私募证券投资基金,墨威（上海）投资管理有限公司,正在运作,2025-06-05,2025-05-30,,,1.0,0,主观多头
安徽赛泽启源股权投资合伙企业（有限合伙）,湖州赛泽基业私募基金管理有限公司,正在运作,2025-06-05,2025-04-30,,,1.0,0,主观多头
璞理鑫钰四号私募证券投资基金,璞理投资管理（上海）有限公司,正在运作,2025-06-05,2025-05-29,,,1.0,0,主观多头
华宝万盈资产添诚1号私募证券投资基金,深圳市华宝万盈资产管理有限公司,正在运作,2025-06-05,2025-05-29,,,1.0,0,主观多头
宏锡量化85号私募证券投资基金,广东宏锡基金管理有限公司,正在运作,2025-06-05,2025-05-30,,,2.0,0,主观多头
砚博丰利三号私募证券投资基金,深圳前海砚博乘风资产管理有限公司,正在运作,2025-06-05,2025-05-29,,,2.0,0,主观多头
顽岩量化专享2号私募证券投资基金,上海顽岩私募基金管理有限公司,正在运作,2025-06-05,2025-05-23,顽岩,P1034708,5.0,1,空气指增
苏州厚雪千木创业投资合伙企业（有限合伙）,上海厚雪私募基金管理有限公司,正在运作,2025-06-05,2025-04-27,,,1.0,0,主观多头
量派瑞泽CTA九号5期私募证券投资基金,上海量派投资管理有限公司,正在运作,2025-06-05,2025-05-30,量派,P1071253,7.0,1,空气指增
九江数智产业投资基金合伙企业（有限合伙）,中恒众创投资（深圳）有限公司,正在运作,2025-06-05,2025-05-29,,,1.0,0,主观多头
鑫启源1号创业投资基金,江苏鑫智股权投资管理有限公司,正在运作,2025-06-05,2025-05-13,,,1.0,0,主观多头
正瀛骐骥锐进11号私募证券投资基金,上海正瀛资产管理有限公司,正在运作,2025-06-05,2025-05-30,正瀛,P1060813,4.0,1,空气指增
持赢瑞颉一号私募证券投资基金,南京持赢私募基金管理有限公司,正在运作,2025-06-05,2025-05-30,,,1.0,0,主观多头
红猫资管汇富红兴三号私募证券投资基金,广州红猫私募投资基金管理有限公司,正在运作,2025-06-05,2025-05-29,,,1.0,0,主观多头
图灵春涧CTA6号私募证券投资基金,图灵私募基金管理（海南）有限公司,正在运作,2025-06-05,2025-05-30,图灵,P1071836,1.0,1,空气指增
嘉兴财商先进制造产业股权投资合伙企业（有限合伙）,中财融商（北京）资本管理有限公司,正在运作,2025-06-05,2025-05-23,,,1.0,0,主观多头
香农福星高照量化选股六号私募证券投资基金,海南三亚香农私募基金管理有限公司,正在运作,2025-06-05,2025-05-30,,,2.0,1,空气指增
元涞易行宝1号私募证券投资基金,上海元涞私募基金管理有限公司,正在运作,2025-06-05,2025-05-30,,,2.0,0,主观多头
池州池久凯特创业投资合伙企业（有限合伙）,安徽博睿德私募基金管理有限公司,正在运作,2025-06-05,2025-05-28,,,1.0,0,主观多头
滂沱智选量化指增私募证券投资基金,上海滂沱投资管理有限公司,正在运作,2025-06-05,2025-05-27,,,1.0,0,主观多头
前海久盈安得九号私募证券投资基金,深圳前海久盈投资管理有限公司,正在运作,2025-06-05,2025-05-30,,,7.0,0,主观多头
波克之盈选股2号私募证券投资基金,上海波克私募基金管理合伙企业（有限合伙）,正在运作,2025-06-05,2025-05-30,,,1.0,0,主观多头
远和鑫享2号私募证券投资基金,扬州远和私募基金有限公司,正在运作,2025-06-05,2025-05-30,,,3.0,0,主观多头
展弘汇富对冲运作1号私募证券投资基金,上海展弘投资管理有限公司,正在运作,2025-06-05,2025-06-05,展弘,P1015638,1.0,1,市场中性
众量多元化CTA专享5号私募证券投资基金,上海众量私募基金管理有限公司,正在运作,2025-06-05,2025-05-30,,,1.0,0,主观多头
艳珍万里2号私募证券投资基金,艳珍投资管理（上海）有限公司,正在运作,2025-06-05,2025-05-30,,,2.0,0,主观多头
君弘君睿5号私募证券投资基金,浙江君弘资产管理有限公司,正在运作,2025-06-05,2025-06-05,,,1.0,0,主观多头
亿安达配网综自计量私募证券投资基金,深圳亿安达资产管理有限公司,正在运作,2025-06-05,2025-05-30,,,1.0,0,主观多头
宏翼云丰1号私募证券投资基金,上海宏翼私募基金管理有限公司,正在运作,2025-06-05,2025-05-12,,,1.0,0,主观多头
深圳市腾逸绿优创业投资合伙企业（有限合伙）,珠海市腾逸股权投资基金管理有限公司,正在运作,2025-06-04,2025-05-21,,,1.0,0,主观多头
小牛共赢汇享一期私募证券投资基金,嘉兴小牛私募基金管理有限公司,正在运作,2025-06-04,2025-05-15,,,1.0,0,主观多头
佛山市粤民投粤淼佛医创业投资合伙企业（有限合伙）,粤民投私募基金管理有限公司,正在运作,2025-06-04,2025-05-28,,,1.0,0,主观多头
传家堡金选全球机会1号私募证券投资基金,北京传家堡资产管理有限公司,正在运作,2025-06-04,2025-05-30,,,1.0,0,主观多头
九坤金选千乘中证1000指数增强专享12号私募证券投资基金,九坤投资（北京）有限公司,正在运作,2025-06-04,2025-05-29,九坤,P1003313,7.0,1,指数增强
泉州鲁信科技创业投资合伙企业（有限合伙）,山东省高新技术创业投资有限公司,正在运作,2025-06-04,2025-05-30,,,1.0,0,主观多头
量派信淮对冲67号一期私募证券投资基金,上海量派投资管理有限公司,正在运作,2025-06-04,2025-05-29,量派,P1071253,7.0,1,市场中性
平方和衡盛36号A期私募证券投资基金,宁波平方和投资管理合伙企业（有限合伙）,正在运作,2025-06-04,2025-05-13,平方和,P1025836,4.0,1,空气指增
涌涵农本套利一号私募证券投资基金,上海涌涵私募基金管理有限公司,正在运作,2025-06-04,2025-05-26,,,1.0,0,主观多头
杭州萧山交融创业投资合伙企业（有限合伙）,交银资本管理有限公司,正在运作,2025-06-04,2025-04-11,,,1.0,0,主观多头
泓琨启程壹号私募证券投资基金,北京泓琨私募基金管理有限公司,正在运作,2025-06-04,2025-04-28,,,1.0,0,主观多头
量派信选CTA十二号1期私募证券投资基金,上海量派投资管理有限公司,正在运作,2025-06-04,2025-05-29,量派,P1071253,7.0,1,空气指增
量派信选CTA十二号2期私募证券投资基金,上海量派投资管理有限公司,正在运作,2025-06-04,2025-05-29,量派,P1071253,7.0,1,空气指增
众源国信国强秦时明月1号私募证券投资基金,众源国信私募基金（泉州）有限责任公司,正在运作,2025-06-04,2025-05-09,,,1.0,0,主观多头
宁水宏观对冲2号七期私募证券投资基金,厦门宁水私募基金管理有限公司,正在运作,2025-06-04,2025-06-04,,,1.0,0,主观多头
雸昇华资一号私募证券投资基金,杭州雸昇资产管理有限公司,正在运作,2025-06-04,2025-05-26,,,1.0,0,主观多头
绵烁低波进取1号私募证券投资基金,上海绵烁资产管理有限公司,正在运作,2025-06-04,2025-05-27,,,2.0,0,主观多头
众合信信诚十号私募证券投资基金,众合信资产管理有限公司,正在运作,2025-06-04,2025-05-23,,,1.0,0,主观多头
合晟齐嘉混合1号私募证券投资基金,上海合晟资产管理股份有限公司,正在运作,2025-06-04,2025-05-27,,,1.0,0,主观多头
睿亿投资医药大健康2号证券投资私募基金,上海睿亿投资发展中心（有限合伙）,正在运作,2025-06-04,2025-05-19,,,1.0,0,主观多头
泉州应天汇达创业投资合伙企业（有限合伙）,江苏应天投资管理有限公司,正在运作,2025-06-04,2025-05-07,,,1.0,0,主观多头
南京伯清智慧壹号创业投资合伙企业（有限合伙）,上海伯清私募基金管理有限公司,正在运作,2025-06-04,2025-05-27,,,1.0,0,主观多头
宜昌市创新创业投资合伙企业（有限合伙）,湖北同富创业投资管理有限公司,正在运作,2025-06-04,2025-05-21,,,1.0,0,主观多头
天津儒松创业投资基金合伙企业（有限合伙）,海南集创私募基金合伙企业（有限合伙）,正在运作,2025-06-04,2025-05-27,,,1.0,0,主观多头
南京念淇创业投资基金合伙企业（有限合伙）,西藏险峰长晴创业投资管理有限公司,正在运作,2025-06-04,2025-04-11,,,2.0,0,主观多头
光亿旺达福享1号私募证券投资基金,上海光亿旺达私募基金管理有限公司,正在运作,2025-06-04,2025-05-29,,,2.0,0,主观多头
深圳星嵘智城创业投资合伙企业（有限合伙）,深圳市智慧城市产投私募基金管理有限公司,正在运作,2025-06-04,2025-05-10,,,1.0,0,主观多头
广金美好安鑫添利2号私募证券投资基金,横琴广金美好基金管理有限公司,正在运作,2025-06-04,2025-05-15,,,3.0,0,主观多头
永合共享未来2号私募证券投资基金,永合私募基金管理（山东）有限公司,正在运作,2025-06-04,2025-05-26,,,1.0,0,主观多头
黑翼陆享优选成长1号私募证券投资基金,上海黑翼资产管理有限公司,正在运作,2025-06-04,2025-05-29,黑翼,P1004419,5.0,1,空气指增
裕丰惠达11号私募证券投资基金,上海裕丰惠达私募基金管理有限公司,正在运作,2025-06-04,2025-05-29,,,2.0,0,主观多头
天麒湖滨价值优选壹号私募证券投资基金,江苏天麒私募基金管理有限公司,正在运作,2025-06-04,2025-05-28,,,1.0,0,主观多头
海南明上进取12号私募证券投资基金,海南明上私募基金管理中心（有限合伙）,正在运作,2025-06-04,2025-05-23,,,2.0,0,主观多头
众煜瑞云新兴产业创业投资基金（南京）合伙企业（有限合伙）,众煜私募基金管理（海南）有限公司,正在运作,2025-06-04,2025-05-30,,,1.0,0,主观多头
泓湖诺亚九号宏观策略私募证券投资基金,上海泓湖私募基金管理有限公司,正在运作,2025-06-04,2025-06-04,,,3.0,0,主观多头
东邦弘2号私募证券投资基金,东邦弘（吉林）私募基金管理有限公司,正在运作,2025-06-04,2025-05-26,,,1.0,0,主观多头
睿涛磐合1号私募证券投资基金,深圳睿涛资产管理有限公司,正在运作,2025-06-04,2025-05-28,,,1.0,0,主观多头
泓原香湾中证2000指数增强1号私募证券投资基金,上海泓原私募基金管理有限公司,正在运作,2025-06-04,2025-05-29,,,2.0,0,主观多头
广西桂物环保产业发展股权基金合伙企业（有限合伙）,广西环保产业私募基金管理有限公司,正在运作,2025-06-04,2024-12-31,,,1.0,0,主观多头
添泉加乘一号私募证券投资基金,添泉（泉州）私募基金管理有限公司,正在运作,2025-06-04,2025-05-27,,,1.0,0,主观多头
九江修江融创产业投资基金（有限合伙）,九江鼎汇泓盈基金管理有限公司,正在运作,2025-06-04,2025-05-20,,,1.0,0,主观多头
邦阁赤水1号私募证券投资基金,上海邦阁私募基金管理有限公司,正在运作,2025-06-04,2025-05-29,,,2.0,0,主观多头
笃熙禀泰稳健子益1号私募证券投资基金,上海笃熙禀泰私募基金管理有限公司,正在运作,2025-06-04,2025-05-29,,,2.0,0,主观多头
拉萨强市股权投资基金合伙企业（有限合伙）,江苏毅达股权投资基金管理有限公司,正在运作,2025-06-04,2025-04-28,,,1.0,0,主观多头
香农吉祥500指数增强二号私募证券投资基金,海南三亚香农私募基金管理有限公司,正在运作,2025-06-04,2025-05-29,,,2.0,1,指数增强
青岛新鼎啃哥泰叁创业投资基金合伙企业（有限合伙）,北京新鼎荣盛资本管理有限公司,正在运作,2025-06-04,2025-05-28,,,1.0,0,主观多头
量智传奇CTA一号私募证券投资基金,上海量智私募基金管理有限公司,正在运作,2025-06-04,2025-05-29,,,2.0,0,主观多头
合骥春晓对冲1号私募证券投资基金,上海合骥私募基金管理有限公司,正在运作,2025-06-04,2025-05-29,,,3.0,1,市场中性
山东开鸿创业投资基金合伙企业（有限合伙）,山东山科智慧私募基金管理有限公司,正在运作,2025-06-04,2025-05-16,,,1.0,0,主观多头
漳州市科兴创新股权投资合伙企业（有限合伙）,漳州战新创业投资基金管理有限公司,正在运作,2025-06-04,2025-05-29,,,1.0,0,主观多头
温州海能创业投资合伙企业（有限合伙）,杭州盛创基业私募基金管理有限公司,正在运作,2025-06-04,2025-05-20,,,2.0,0,主观多头
天壹晋致（福州）股权投资合伙企业（有限合伙）,天时创新（福建）创业投资有限公司,正在运作,2025-06-04,2025-05-20,,,1.0,0,主观多头
和顿锦绣未来私募证券投资基金,宁波和顿投资管理有限公司,正在运作,2025-06-04,2025-05-20,,,1.0,0,主观多头
无锡睿势九期创业投资合伙企业（有限合伙）,天津睿势私募股权投资基金管理有限公司,正在运作,2025-06-04,2025-05-20,,,1.0,0,主观多头
远和-江海远山70期私募证券投资基金,扬州远和私募基金有限公司,正在运作,2025-06-04,2025-05-29,,,3.0,0,主观多头
盖亚青柯榕城中性1号私募证券投资基金,海南盖亚青柯私募基金管理有限公司,正在运作,2025-06-04,2025-05-29,,,3.0,0,主观多头
草本优益低波私募证券投资基金,广州市草本投资管理有限公司,正在运作,2025-06-04,2025-06-04,,,1.0,0,主观多头
浙建启真（杭州）新兴产业股权投资合伙企业（有限合伙）,浙江浙大启真创业投资有限公司,正在运作,2025-06-04,2025-05-30,,,1.0,0,主观多头
青岛豪威禾瑞壹号创业投资基金合伙企业（有限合伙）,青岛豪威私募股权投资基金管理有限公司,正在运作,2025-06-04,2025-05-28,,,1.0,0,主观多头
元涞玖睿7号私募证券投资基金,上海元涞私募基金管理有限公司,正在运作,2025-06-04,2025-05-29,,,2.0,0,主观多头
泓湖诺亚十号宏观策略私募证券投资基金,上海泓湖私募基金管理有限公司,正在运作,2025-06-04,2025-06-04,,,3.0,0,主观多头
立心学院菁英678号私募证券投资基金,青岛立心私募基金管理有限公司,正在运作,2025-06-04,2025-05-29,,,1.0,0,主观多头
天津博通智能创业投资基金合伙企业（有限合伙）,博通（天津）创业投资有限公司,正在运作,2025-06-04,2025-05-16,,,1.0,0,主观多头
牛福国祥二号私募证券投资基金,上海牛福投资管理有限公司,正在运作,2025-06-04,2025-05-26,,,1.0,0,主观多头
北京璟鉴创业投资基金合伙企业（有限合伙）,北京观鉴私募基金管理有限公司,正在运作,2025-06-04,2025-05-30,,,1.0,0,主观多头
合肥产投创耀芯光创业投资合伙企业（有限合伙）,合肥国耀资本投资管理有限公司,正在运作,2025-06-04,2025-05-21,,,1.0,0,主观多头
青岛芯能方星创业投资基金合伙企业（有限合伙）,北京芯能创业投资有限公司,正在运作,2025-06-04,2025-05-16,,,1.0,0,主观多头
沈阳航投迅翼股权投资合伙企业（有限合伙）,沈阳航空产业投资基金管理有限公司,正在运作,2025-06-04,2025-05-23,,,1.0,0,主观多头
广州煜健天启三号股权投资基金合伙企业（有限合伙）,广州煜健创业投资管理有限公司,正在运作,2025-06-04,2025-05-29,,,1.0,0,主观多头
海南海盛鑫联创业投资基金合伙企业（有限合伙）,海盛私募基金管理（海南）有限公司,正在运作,2025-06-04,2025-05-23,,,1.0,0,主观多头
骏胜骏腾5号私募证券投资基金,上海骏胜资产管理有限公司,正在运作,2025-06-04,2025-05-29,,,2.0,0,主观多头
恒盈新未来私募证券投资基金,深圳恒盈基金有限公司,正在运作,2025-06-04,2025-05-26,,,1.0,0,主观多头
重庆江北融新私募股权投资基金合伙企业（有限合伙）,重庆江北产业引导私募股权投资基金管理有限公司,正在运作,2025-06-04,2025-05-26,,,1.0,0,主观多头
南京如日方暾玖号创业投资合伙企业（有限合伙）,南京市如日方暾创业投资管理有限公司,正在运作,2025-06-04,2025-05-30,,,1.0,0,主观多头
摩旗添利25号私募证券投资基金,上海摩旗投资管理有限公司,正在运作,2025-06-04,2025-06-03,,,1.0,0,主观多头
共青城大橙子创业投资合伙企业（有限合伙）,北京云晖私募基金管理有限公司,正在运作,2025-06-04,2025-05-29,,,1.0,0,主观多头
嘉兴当看景禾股权投资合伙企业（有限合伙）,湖北当看同创私募基金管理有限公司,正在运作,2025-06-04,2025-05-28,,,1.0,0,主观多头
共青城植钰股权投资合伙企业（有限合伙）,北京方圆金鼎投资管理有限公司,正在运作,2025-06-04,2025-05-29,,,1.0,0,主观多头
青岛厚纪恒志创业投资基金合伙企业（有限合伙）,北京厚纪景桥创业投资有限公司,正在运作,2025-06-04,2025-04-23,,,1.0,0,主观多头
贵州双龙航空港数智经济转型升级私募股权投资基金合伙企业（有限合伙）,贵州煦山基金管理有限公司,正在运作,2025-06-04,2025-05-28,,,1.0,0,主观多头
厦门中瀛产投扶摇壹号科创股权投资合伙企业（有限合伙）,中银资本私募基金管理（北京）有限公司,正在运作,2025-06-04,2025-05-29,,,3.0,0,主观多头
鸣石ETF尊享22号量化私募证券投资基金,上海鸣石私募基金管理有限公司,正在运作,2025-06-03,2025-05-23,鸣石,P1005659,3.0,1,空气指增
雨顺思一量化选股1号私募证券投资基金,深圳雨顺私募证券基金管理有限公司,正在运作,2025-06-03,2025-05-26,,,1.0,0,主观多头
鸣熙量化精选1号私募证券投资基金,上海鸣熙资产管理有限公司,正在运作,2025-06-03,2025-05-23,鸣熙,P1033450,2.0,1,空气指增
安徽天耀创业投资合伙企业（有限合伙）,安徽天耀十月私募基金管理有限公司,正在运作,2025-06-03,2025-03-07,,,1.0,0,主观多头
衍复金选中证全指指数增强B期私募证券投资基金,上海衍复投资管理有限公司,正在运作,2025-06-03,2025-05-28,衍复,P1070325,5.0,1,指数增强
九坤元嘉中证A500指数增强2号私募证券投资基金,九坤投资（北京）有限公司,正在运作,2025-06-03,2025-05-27,九坤,P1003313,7.0,1,指数增强
潼骁新机遇1号私募证券投资基金,上海潼骁投资发展中心（有限合伙）,正在运作,2025-06-03,2025-04-22,,,1.0,0,主观多头
淳杨悦享2号FOF私募证券投资基金,上海淳杨私募基金管理有限公司,正在运作,2025-06-03,2025-05-26,,,1.0,0,主观多头
牧鑫多策略11号私募证券投资基金,上海牧鑫私募基金管理有限公司,正在运作,2025-06-03,2025-05-28,,,2.0,1,空气指增
一允二期私募证券投资基金,上海一允私募基金管理有限公司,正在运作,2025-06-03,2025-05-28,,,1.0,0,主观多头
泰兴经开区嘉植私募股权投资基金合伙企业（有限合伙）,南京嘉植私募基金管理有限公司,正在运作,2025-06-03,2025-05-23,,,1.0,0,主观多头
米答祥瑞麟杰1号私募证券投资基金,上海米答资产管理有限公司,正在运作,2025-06-03,2025-05-26,,,1.0,0,主观多头
弈倍光耀量化精选一号私募证券投资基金,上海弈倍私募基金管理有限公司,正在运作,2025-06-03,2025-05-23,,,1.0,0,主观多头
天津芯火集成电路创业投资基金合伙企业（有限合伙）,深圳市锦湖私募创业投资基金管理有限公司,正在运作,2025-06-03,2025-05-07,,,1.0,0,主观多头
金樟GS100定制进取型1349号私募证券投资基金,北京金樟投资管理有限公司,正在运作,2025-06-03,2025-04-29,,,1.0,0,主观多头
宁波千帆企航陆号甬元股权投资基金合伙企业（有限合伙）,农银资本管理有限公司,正在运作,2025-06-03,2025-05-29,,,1.0,0,主观多头
天鸾旭日七号私募证券投资基金,深圳市天鸾私募证券基金管理有限公司,正在运作,2025-06-03,2025-05-16,,,1.0,0,主观多头
钎镱同道财富7号私募证券投资基金,钎镱私募基金管理（南京）有限公司,正在运作,2025-06-03,2025-05-16,,,1.0,0,主观多头
远澜藤松宏观量化1号私募证券投资基金,上海远澜私募基金管理有限公司,正在运作,2025-06-03,2025-05-28,,,2.0,1,空气指增
前海久盈知微二号私募证券投资基金,深圳前海久盈投资管理有限公司,正在运作,2025-06-03,2025-05-28,,,7.0,0,主观多头
平方和鼎盛中证500指数增强27号私募证券投资基金,宁波平方和投资管理合伙企业（有限合伙）,正在运作,2025-06-03,2025-05-27,平方和,P1025836,4.0,1,指数增强
宁波隆鼎昌荣股权投资合伙企业（有限合伙）,东方鹏睿投资基金管理（北京）有限公司,正在运作,2025-06-03,2025-05-28,,,2.0,0,主观多头
时间序列嘉瑞时光成长混合2号私募证券投资基金,青岛时间序列资产管理有限公司,正在运作,2025-06-03,2025-05-28,,,3.0,0,主观多头
鸣石江海远山68期量化私募证券投资基金,上海鸣石私募基金管理有限公司,正在运作,2025-06-03,2025-05-26,鸣石,P1005659,3.0,1,空气指增
千象信淮全景多元量化12号私募证券投资基金,上海千象资产管理有限公司,正在运作,2025-06-03,2025-05-28,千象,P1006930,6.0,1,空气指增
千象信淮全景多元量化13号私募证券投资基金,上海千象资产管理有限公司,正在运作,2025-06-03,2025-05-28,千象,P1006930,6.0,1,空气指增
千象信淮全景多元量化15号私募证券投资基金,上海千象资产管理有限公司,正在运作,2025-06-03,2025-05-28,千象,P1006930,6.0,1,空气指增
赫富汇富灵活对冲一号私募证券投资基金,上海赫富投资有限公司,正在运作,2025-06-03,2025-05-28,赫富,P1062959,2.0,1,市场中性
千衍六维全天候2号A期私募证券投资基金,千衍私募基金管理（上海）有限公司,正在运作,2025-06-03,2025-05-28,千衍,P1009640,2.0,1,空气指增
君煦麒麟一号私募证券投资基金,杭州君煦投资管理有限公司,正在运作,2025-06-03,2025-05-26,,,1.0,0,主观多头
量桥投资汇富稳进二号私募证券投资基金,量桥投资管理（上海）有限公司,正在运作,2025-06-03,2025-05-28,,,1.0,0,主观多头
诚奇对冲金享13号私募证券投资基金,深圳诚奇资产管理有限公司,正在运作,2025-06-03,2025-05-26,诚奇,P1001430,5.0,1,市场中性
诚奇对冲金享14号私募证券投资基金,深圳诚奇资产管理有限公司,正在运作,2025-06-03,2025-05-26,诚奇,P1001430,5.0,1,市场中性
前海国元广盈一号私募证券投资基金,深圳前海国元私募证券基金管理有限公司,正在运作,2025-06-03,2025-05-28,,,1.0,0,主观多头
衍复朝熠中证A500指数增强三号私募证券投资基金,上海衍复投资管理有限公司,正在运作,2025-06-03,2025-05-28,衍复,P1070325,5.0,1,指数增强
海子三翼一号私募证券投资基金,四川海子投资管理有限公司,正在运作,2025-06-03,2025-05-28,,,1.0,0,主观多头
上饶市广丰区盛广高新产业股权投资合伙企业（有限合伙）,杭州盛创基业私募基金管理有限公司,正在运作,2025-06-03,2025-05-19,,,2.0,0,主观多头
垒昂顺意量化对冲8号私募证券投资基金,青岛垒昂资产管理有限公司,正在运作,2025-06-03,2025-05-28,,,1.0,0,主观多头
青田赋通股权投资合伙企业（有限合伙）,杭州梅花励德私募基金管理合伙企业（有限合伙）,正在运作,2025-06-03,2025-05-28,,,1.0,0,主观多头
广州开投新质产业投资基金合伙企业（有限合伙）,广州穗开股权投资有限公司,正在运作,2025-06-03,2025-05-22,,,2.0,0,主观多头
青岛铭起创业投资基金合伙企业（有限合伙）,青岛京铭资产管理有限公司,正在运作,2025-06-03,2025-05-27,,,1.0,0,主观多头
榕树海鲲鹏2号私募证券投资基金,榕树海私募基金管理（珠海）有限责任公司,正在运作,2025-06-03,2025-05-28,,,3.0,1,空气指增
进化论多棱镜对冲十一号私募证券投资基金,海南进化论私募基金管理有限公司,正在运作,2025-06-03,2025-05-28,进化论,P1006079,4.0,1,市场中性
盐城南亭三期创业投资基金合伙企业（有限合伙）,海南南亭私募基金管理有限公司,正在运作,2025-06-03,2025-05-14,,,1.0,0,主观多头
世纪前沿量化对冲66号私募证券投资基金,海南世纪前沿私募基金管理有限公司,正在运作,2025-06-03,2025-05-27,世纪前沿,P1068951,6.0,1,市场中性
深圳凯盈十三号创业投资合伙企业（有限合伙）,深圳凯盈天成投资管理合伙企业(有限合伙),正在运作,2025-06-03,2025-05-16,,,1.0,0,主观多头
添益赐长城私募证券投资基金,上海添益私募基金管理有限责任公司,正在运作,2025-06-03,2025-05-28,,,2.0,0,主观多头
超量子诸市全选1号私募证券投资基金,深圳市前海超量子基金管理有限公司,正在运作,2025-06-03,2025-05-28,超量子,P1071044,2.0,1,空气指增
水杉啄木鸟2号私募证券投资基金,南京水杉私募基金管理有限公司,正在运作,2025-06-03,2025-05-28,,,1.0,0,主观多头
格外睿腾1号私募证券投资基金,苏州格外投资管理有限公司,正在运作,2025-06-03,2025-05-26,,,1.0,0,主观多头
苏州乐朴苏翼股权投资合伙企业（有限合伙）,苏州翼朴股权投资基金管理有限公司,正在运作,2025-06-03,2025-05-29,,,1.0,0,主观多头
苏州亚投智识投资合伙企业（有限合伙）,亚投（上海）私募基金管理有限公司,正在运作,2025-06-03,2025-05-28,,,1.0,0,主观多头
天津创星拾陆号硬科技创业投资合伙企业（有限合伙）,上海创星之光创业投资管理有限公司,正在运作,2025-06-03,2025-05-27,,,2.0,0,主观多头
瑞氪量化对冲3号私募证券投资基金,上海瑞氪资产管理有限公司,正在运作,2025-06-03,2025-06-03,,,1.0,0,主观多头
远策探索3号私募证券投资基金,上海远策投资管理中心（有限合伙）,正在运作,2025-06-03,2025-05-30,,,1.0,0,主观多头
南京拨投结合股权投资基金（有限合伙）,南京江北新区投资发展私募基金管理有限公司,正在运作,2025-06-03,2025-05-28,,,1.0,0,主观多头
霈杉深圳1号私募证券投资基金,霈杉（上海）私募基金管理有限公司,正在运作,2025-06-03,2025-05-28,,,1.0,0,主观多头
昱荣行2号私募证券投资基金,南京昱荣行投资管理有限公司,正在运作,2025-06-03,2025-03-27,,,1.0,0,主观多头
珠海海锶福慧三号投资企业（有限合伙）,深圳海锶私募创业投资基金管理有限公司,正在运作,2025-06-16,2025-06-06,,,1.0,0,主观多头
上杭兴辰创业投资合伙企业（有限合伙）,上海辰韬资产管理有限公司,正在运作,2025-06-16,2025-06-09,,,1.0,0,主观多头
宽德量化精选9号私募证券投资基金,珠海宽德私募基金管理有限公司,正在运作,2025-06-16,2025-06-04,宽德,P1031924,5.0,1,空气指增
北京京畿福石叁号私募股权投资基金合伙企业（有限合伙）,北京京畿资产私募基金管理有限公司,正在运作,2025-06-16,2025-01-09,,,1.0,0,主观多头
一村日升创业投资（无锡）合伙企业（有限合伙）,上海一村私募基金管理有限公司,正在运作,2025-06-16,2025-02-12,,,1.0,0,主观多头
无锡清源壹号创业投资合伙企业（有限合伙）,无锡新投金石创业投资管理有限公司,正在运作,2025-06-16,2025-04-02,,,1.0,0,主观多头
卓识方略1000指数增强plus1期私募证券投资基金,北京卓识私募基金管理有限公司,正在运作,2025-06-16,2025-06-11,卓识,P1063264,2.0,1,指数增强
蒙玺信享稳进1号2期私募证券投资基金,上海蒙玺投资管理有限公司,正在运作,2025-06-16,2025-06-10,蒙玺,P1063294,2.0,1,空气指增
冠群灵珠私募证券投资基金,北京冠群投资管理有限公司,正在运作,2025-06-16,2025-04-21,,,1.0,0,主观多头
平方和鼎盛中盘股指数增强20号私募证券投资基金,宁波平方和投资管理合伙企业（有限合伙）,正在运作,2025-06-16,2025-06-06,平方和,P1025836,4.0,1,指数增强
南京南创中瀛扶摇贰号股权投资合伙企业（有限合伙）,南京紫金创投基金管理有限责任公司,正在运作,2025-06-16,2025-03-27,,,1.0,0,主观多头
浙江甬元科创芯华创业投资合伙企业（有限合伙）,北京朝晖同创私募基金管理有限责任公司,正在运作,2025-06-16,2025-06-05,,,1.0,0,主观多头
守正用奇量化选股一号私募证券投资基金,广州守正用奇私募基金管理有限公司,正在运作,2025-06-16,2025-05-28,,,2.0,1,空气指增
宽德华夏尊享量化选股2号私募证券投资基金,珠海宽德私募基金管理有限公司,正在运作,2025-06-16,2025-05-23,宽德,P1031924,5.0,1,空气指增
复胜正能量33号私募证券投资基金,上海复胜资产管理合伙企业（有限合伙）,正在运作,2025-06-16,2025-06-16,,,1.0,0,主观多头
无锡高易海晟投资合伙企业（有限合伙）,江苏高易创业投资管理有限公司,正在运作,2025-06-16,2025-05-15,,,1.0,0,主观多头
省心享衍合富博配置1号私募证券投资基金,衍合投资管理（青岛）有限公司,正在运作,2025-06-16,2025-05-22,,,2.0,1,空气指增
坤望量化对冲12号私募证券投资基金,上海坤望私募基金管理有限公司,正在运作,2025-06-16,2025-05-27,,,2.0,1,市场中性
九坤策略智选49号私募证券投资基金,九坤投资（北京）有限公司,正在运作,2025-06-16,2025-06-11,九坤,P1003313,7.0,1,空气指增
吉安武功山文旅产业发展基金合伙企业（有限合伙）,北京光辉私募基金管理有限公司,正在运作,2025-06-16,2025-05-16,,,1.0,0,主观多头
梧桐智睿稳健二号私募证券投资基金,深圳市梧桐智睿投资有限公司,正在运作,2025-06-16,2025-06-04,,,1.0,0,主观多头
嘉兴光影智趣股权投资合伙企业（有限合伙）,光合（海南）私募基金管理有限公司,正在运作,2025-06-16,2025-06-10,,,1.0,0,主观多头
鑫鼎长风稳进6号私募证券投资基金,深圳市鑫鼎私募证券基金管理有限公司,正在运作,2025-06-16,2025-06-11,,,1.0,0,主观多头
宝澜守拙熵衡私募证券投资基金,上海宝澜投资管理合伙企业（有限合伙）,正在运作,2025-06-16,2025-06-09,,,2.0,0,主观多头
赣州晟维创业投资中心（有限合伙）,赣州赣晟投资管理有限公司,正在运作,2025-06-16,2025-06-05,,,1.0,0,主观多头
问道稳健管理1号私募证券投资基金,问道私募基金管理（上海）有限公司,正在运作,2025-06-16,2025-05-26,,,1.0,0,主观多头
嘉兴银宙股权投资合伙企业（有限合伙）,上海银株私募基金管理有限公司,正在运作,2025-06-16,2025-05-08,,,1.0,0,主观多头
嘉兴翼翎创业投资合伙企业（有限合伙）,浙江浙大联合创新投资管理合伙企业（有限合伙）,正在运作,2025-06-16,2025-06-04,,,1.0,0,主观多头
共青城乙巳佳瑞创业投资合伙企业（有限合伙）,深圳市银卓私募创业投资基金管理有限公司,正在运作,2025-06-16,2025-04-30,,,1.0,0,主观多头
嘉兴筑城港兴创业投资合伙企业（有限合伙）,筑城（北京）资产管理有限公司,正在运作,2025-06-16,2025-05-20,,,1.0,0,主观多头
笃熙禀泰观澜2号私募证券投资基金,上海笃熙禀泰私募基金管理有限公司,正在运作,2025-06-16,2025-05-30,,,2.0,0,主观多头
北恒星图一号私募证券投资基金,海南北恒私募基金管理中心（有限合伙）,正在运作,2025-06-16,2025-06-03,,,2.0,0,主观多头
前海久盈安得五号私募证券投资基金,深圳前海久盈投资管理有限公司,正在运作,2025-06-16,2025-06-11,,,7.0,0,主观多头
嘉兴德宁佑安股权投资合伙企业（有限合伙）,德宁私募基金管理（嘉兴）合伙企业（有限合伙）,正在运作,2025-06-16,2025-06-11,,,1.0,0,主观多头
衍合澎泽专享2号私募证券投资基金,衍合投资管理（青岛）有限公司,正在运作,2025-06-16,2025-06-05,,,2.0,1,空气指增
广州艾益赛创业投资基金合伙企业（有限合伙）,广济惠达投资管理（天津）有限公司,正在运作,2025-06-16,2025-05-16,,,1.0,0,主观多头
景实瑞景壹号私募股权投资基金,长沙景实创业投资有限公司,正在运作,2025-06-16,2025-06-12,,,1.0,0,主观多头
韵之中证500指数增强私募证券投资基金,北京韵之私募基金管理有限公司,正在运作,2025-06-16,2025-06-10,,,1.0,0,主观多头
共青城弘庄创业投资合伙企业（有限合伙）,上海弘晖资产管理有限公司,正在运作,2025-06-16,2025-05-27,,,1.0,0,主观多头
孝庸魔方汇股票优选二号1期私募证券投资基金,上海孝庸私募基金管理有限公司,正在运作,2025-06-16,2025-05-30,,,6.0,0,主观多头
极量六年磨一剑私募证券投资基金,共青城极量投资管理合伙企业（有限合伙）,正在运作,2025-06-16,2025-05-26,,,1.0,0,主观多头
翰荣混合对冲一号私募证券投资基金,深圳翰荣私募证券基金管理有限公司,正在运作,2025-06-16,2025-06-11,,,3.0,1,市场中性
廷颐六号股权投资（济宁）合伙企业（有限合伙）,上海廷颐资产管理有限公司,正在运作,2025-06-16,2025-06-03,,,1.0,0,主观多头
尊和臻享1号私募证券投资基金,杭州尊和资产管理有限公司,正在运作,2025-06-16,2025-06-09,,,7.0,0,主观多头
珠海宽德九盈6号私募证券投资基金,珠海宽德私募基金管理有限公司,正在运作,2025-06-16,2025-06-05,宽德,P1031924,5.0,1,空气指增
杭州泽敏股权投资合伙企业（有限合伙）,杭州泽林私募基金管理有限公司,正在运作,2025-06-16,2025-06-10,,,1.0,0,主观多头
厦门高新创臻二期创业投资基金合伙企业（有限合伙）,厦门高新创智私募基金管理有限公司,正在运作,2025-06-16,2025-06-03,,,1.0,0,主观多头
福州市仓山区烟山壹号股权投资合伙企业（有限合伙）,福州高新区海峡创业投资管理有限公司,正在运作,2025-06-16,2025-05-20,,,1.0,0,主观多头
京华世家积极配置13号私募证券投资基金,京华世家私募基金管理（北京）有限公司,正在运作,2025-06-16,2025-06-11,,,2.0,0,主观多头
正瀛骐骥平衡2号私募证券投资基金,上海正瀛资产管理有限公司,正在运作,2025-06-16,2025-06-11,正瀛,P1060813,4.0,1,空气指增
宁波鼎巳芯股权投资合伙企业（有限合伙）,北京长赫投资管理有限公司,正在运作,2025-06-16,2025-05-29,,,1.0,0,主观多头
湘盐晟富焕启2号私募股权投资基金,湖南轻盐晟富创业投资管理有限公司,正在运作,2025-06-16,2025-05-30,,,1.0,0,主观多头
玄元元中20号私募证券投资基金,玄元私募基金投资管理（广东）有限公司,正在运作,2025-06-16,2025-06-06,玄元,P1029168,5.0,1,空气指增
铭杉量化稳健12号私募证券投资基金,上海铭杉投资管理有限公司,正在运作,2025-06-16,2025-06-11,,,1.0,0,主观多头
厦门金宏盈创业投资合伙企业（有限合伙）,厦门金东石投资管理有限公司,正在运作,2025-06-16,2025-06-05,,,1.0,0,主观多头
共青城华屹启航二号创业投资合伙企业（有限合伙）,共青城华屹私募基金管理有限公司,正在运作,2025-06-16,2025-06-12,,,1.0,0,主观多头
静瑞红利优选私募证券投资基金,静瑞私募基金管理（上海）有限公司,正在运作,2025-06-16,2025-06-05,,,1.0,0,主观多头
珠海宽德金刚钻16号私募证券投资基金,珠海宽德私募基金管理有限公司,正在运作,2025-06-16,2025-06-05,宽德,P1031924,5.0,1,空气指增
汉鸿青云2号私募证券投资基金,上海汉鸿私募基金管理有限公司,正在运作,2025-06-16,2025-06-11,,,1.0,0,主观多头
玄元元中10号私募证券投资基金,玄元私募基金投资管理（广东）有限公司,正在运作,2025-06-16,2025-06-06,玄元,P1029168,5.0,1,空气指增
深圳桂七健康创新创业投资基金合伙企业（有限合伙）,深圳桂树私募创业投资基金有限公司,正在运作,2025-06-16,2025-05-29,,,1.0,0,主观多头
重庆市涪陵区国园私募股权投资基金合伙企业（有限合伙）,中新互联互通投资基金管理有限公司,正在运作,2025-06-16,2025-06-09,,,1.0,0,主观多头
博润银泰魔方150号私募证券投资基金,北京博润银泰投资管理有限公司,正在运作,2025-06-16,2025-06-16,博润银泰,P1002960,3.0,1,空气指增
华安合鑫蓝色空间私募证券投资基金,深圳市华安合鑫私募证券基金管理有限公司,正在运作,2025-06-16,2025-06-11,,,1.0,0,主观多头
思瑞玉泉宏观私募证券投资基金,海南思瑞私募基金管理有限公司,正在运作,2025-06-16,2025-06-11,,,1.0,0,主观多头
正仁股票择时五期私募证券投资基金,海南正仁量化私募基金管理有限公司,正在运作,2025-06-16,2025-06-05,,,4.0,1,空气指增
量博H系2025D私募证券投资基金,量博（上海）私募基金管理有限公司,正在运作,2025-06-16,2025-06-04,,,1.0,0,主观多头
厦门厦金创新智能陆号创业投资合伙企业（有限合伙）,厦门厦金创新私募基金管理有限公司,正在运作,2025-06-16,2025-06-10,,,1.0,0,主观多头
瞻程护航私募证券投资基金,上海瞻程投资管理有限公司,正在运作,2025-06-16,2025-06-16,,,1.0,0,主观多头
六辰玉堂私募证券投资基金,六辰（海南）私募基金管理有限公司,正在运作,2025-06-16,2025-06-11,,,2.0,0,主观多头
孝庸全市场选股君享一号私募证券投资基金,上海孝庸私募基金管理有限公司,正在运作,2025-06-16,2025-06-11,,,6.0,0,主观多头
杭州波粒二象均衡对冲3号私募证券投资基金,杭州波粒二象资产管理有限公司,正在运作,2025-06-16,2025-06-11,,,1.0,0,主观多头
玄元元中21号私募证券投资基金,玄元私募基金投资管理（广东）有限公司,正在运作,2025-06-16,2025-06-06,玄元,P1029168,5.0,1,空气指增
进化论-江海远山75期私募证券投资基金,海南进化论私募基金管理有限公司,正在运作,2025-06-16,2025-06-11,进化论,P1006079,4.0,1,空气指增
正瀛骐骥指数增强31号私募证券投资基金,上海正瀛资产管理有限公司,正在运作,2025-06-16,2025-06-11,正瀛,P1060813,4.0,1,指数增强
平湖金珞股权投资合伙企业（有限合伙）,深圳金沙江联合华皓天使私募创业投资基金管理有限公司,正在运作,2025-06-16,2025-06-05,,,2.0,0,主观多头
青岛高信智算创业投资合伙企业（有限合伙）,上海高信私募基金管理有限公司,正在运作,2025-06-16,2025-06-10,,,1.0,0,主观多头
北京金沙江联合四期股权投资合伙企业（有限合伙）,北京金沙江联合资本创业投资管理有限公司,正在运作,2025-06-16,2025-06-12,,,1.0,0,主观多头
海南明上进取18号私募证券投资基金,海南明上私募基金管理中心（有限合伙）,正在运作,2025-06-16,2025-06-09,,,2.0,0,主观多头
嘉兴久奕雍珩创业投资合伙企业（有限合伙）,上海久奕雍霖私募基金管理有限公司,正在运作,2025-06-16,2025-06-06,,,1.0,0,主观多头
中平赣晟（广东）股权投资合伙企业（有限合伙）,西藏中平信私募股权投资基金管理有限公司,正在运作,2025-06-16,2025-06-13,,,1.0,0,主观多头
阶石稳健9号私募证券投资基金,深圳前海阶石资本管理有限公司,正在运作,2025-06-16,2025-06-10,,,1.0,0,主观多头
时间序列广胜红利优选1号私募证券投资基金,青岛时间序列资产管理有限公司,正在运作,2025-06-16,2025-06-11,,,3.0,0,主观多头
成都天崃协同创新创业投资基金合伙企业（有限合伙）,成都天府创新股权投资基金管理有限公司,正在运作,2025-06-16,2025-06-10,,,1.0,0,主观多头
江苏苏州人工智能产业专项母基金（有限合伙）,苏州国发创业投资控股有限公司,正在运作,2025-06-16,2025-05-26,,,2.0,0,主观多头
北京市门头沟区百洋铸心股权投资基金合伙企业（有限合伙）,北京百洋众信康健投资管理有限公司,正在运作,2025-06-16,2025-06-16,,,1.0,0,主观多头
共青城华拓合富拾号创业投资合伙企业（有限合伙）,深圳市华拓私募股权投资基金管理有限公司,正在运作,2025-06-16,2025-06-12,,,1.0,0,主观多头
泽塔逍遥牛1号私募证券投资基金,海南泽塔私募基金管理有限公司,正在运作,2025-06-17,2025-06-03,,,1.0,0,主观多头
珠池可转债量化精选6期私募证券投资基金,上海珠池资产管理有限公司,正在运作,2025-06-17,2025-04-15,,,1.0,0,主观多头
泓赫聚源1号私募证券投资基金,上海泓赫投资管理有限公司,正在运作,2025-06-17,2025-05-30,,,1.0,0,主观多头
微观博易-黎夏指增七号1期私募证券投资基金,北京微观博易私募基金管理有限公司,正在运作,2025-06-17,2025-06-05,微观博易,P1031932,4.0,1,指数增强
千象全景多元量化3号1期私募证券投资基金,上海千象资产管理有限公司,正在运作,2025-06-17,2025-06-06,千象,P1006930,6.0,1,空气指增
衍复金选中证A500指数增强一号私募证券投资基金,上海衍复投资管理有限公司,正在运作,2025-06-17,2025-06-11,衍复,P1070325,5.0,1,指数增强
鸣石祥鹭1号量化选股私募证券投资基金,上海鸣石私募基金管理有限公司,正在运作,2025-06-17,2025-06-10,鸣石,P1005659,3.0,1,空气指增
涌盈恒睿私募证券投资基金,横琴涌盈投资管理有限公司,正在运作,2025-06-17,2025-06-10,,,1.0,0,主观多头
圭源诺万鲲鹏多策略3号私募证券投资基金,上海圭源私募基金管理有限公司,正在运作,2025-06-17,2025-06-09,,,1.0,0,主观多头
弥伦天玑1号私募证券投资基金,深圳弥伦私募证券基金管理有限公司,正在运作,2025-06-17,2025-06-10,,,1.0,0,主观多头
乐水小波增强五号私募证券投资基金,北京乐水私募基金管理有限公司,正在运作,2025-06-17,2025-06-11,,,3.0,1,指数增强
荣熙坤元鼎益私募证券投资基金,上海荣熙私募基金管理有限公司,正在运作,2025-06-17,2025-05-28,,,1.0,0,主观多头
微观博易-古玉中性五号私募证券投资基金,北京微观博易私募基金管理有限公司,正在运作,2025-06-17,2025-06-09,微观博易,P1031932,4.0,1,市场中性
木华水清（上海）创业投资合伙企业（有限合伙）,水木华清（北京）创业投资基金管理有限责任公司,正在运作,2025-06-17,2025-06-05,,,1.0,0,主观多头
平方和多策略对冲6号C期私募证券投资基金,宁波平方和投资管理合伙企业（有限合伙）,正在运作,2025-06-17,2025-06-12,平方和,P1025836,4.0,1,市场中性
鑫博润家泰全球机遇1号私募证券投资基金,武汉鑫博润资产管理有限公司,正在运作,2025-06-17,2025-06-12,,,1.0,0,主观多头
悦海盈和量化选股2号私募证券投资基金,青岛悦海盈和基金投资管理有限公司,正在运作,2025-06-17,2025-06-11,,,2.0,0,主观多头
正定中证1000指数增强7号私募证券投资基金,北京正定私募基金管理合伙企业（有限合伙）,正在运作,2025-06-17,2025-06-11,正定,P1073791,2.0,1,指数增强
景星胜达3号私募证券投资基金,北京景星资产管理有限公司,正在运作,2025-06-17,2025-05-27,,,1.0,0,主观多头
广金美好贝叶斯五号私募证券投资基金,横琴广金美好基金管理有限公司,正在运作,2025-06-17,2025-06-12,,,3.0,0,主观多头
洪运瑞恒全球市场增息11号私募证券投资基金,青岛洪运瑞恒私募基金管理有限公司,正在运作,2025-06-17,2025-06-04,,,1.0,0,主观多头
龙旗专享1号私募证券投资基金,杭州龙旗科技有限公司,正在运作,2025-06-17,2025-06-12,龙旗,P1000676,2.0,1,空气指增
鹤禧全球科技成长一号私募证券投资基金,上海鹤禧私募基金管理有限公司,正在运作,2025-06-17,2025-06-03,,,1.0,0,主观多头
天榕瑞幸1号私募证券投资基金,天榕（青岛）基金管理有限公司,正在运作,2025-06-17,2025-05-30,,,1.0,0,主观多头
九坤千乘中证1000指数增强专享15号私募证券投资基金,九坤投资（北京）有限公司,正在运作,2025-06-17,2025-06-12,九坤,P1003313,7.0,1,指数增强
杭州凯泰智生股权投资合伙企业（有限合伙）,杭州凯泰长汇投资管理有限公司,正在运作,2025-06-17,2025-04-10,,,1.0,0,主观多头
嘉兴进开创业投资合伙企业（有限合伙）,北京鼎欣资产管理有限公司,正在运作,2025-06-17,2025-06-09,,,1.0,0,主观多头
千象全景多元量化21号私募证券投资基金,上海千象资产管理有限公司,正在运作,2025-06-17,2025-06-06,千象,P1006930,6.0,1,空气指增
汉方第九交响2号私募证券投资基金,深圳市汉方私募证券基金有限公司,正在运作,2025-06-17,2025-06-04,,,1.0,0,主观多头
君宜共锦私募证券投资基金,深圳君宜私募证券基金管理有限公司,正在运作,2025-06-17,2025-06-04,,,1.0,0,主观多头
追云资产致远2号私募证券投资基金,上海追云资产管理有限公司,正在运作,2025-06-17,2025-06-12,,,1.0,0,主观多头
珠海宽德金享量化选股10号私募证券投资基金,珠海宽德私募基金管理有限公司,正在运作,2025-06-17,2025-06-09,宽德,P1031924,5.0,1,空气指增
前海久盈通晓八号私募证券投资基金,深圳前海久盈投资管理有限公司,正在运作,2025-06-17,2025-06-12,,,7.0,0,主观多头
青岛瓴投未来创业投资基金合伙企业（有限合伙）,绍兴华夏瓴投投资管理有限公司,正在运作,2025-06-17,2025-06-06,,,1.0,0,主观多头
佑仓易投稳健1号私募证券投资基金,陕西佑仓资产管理有限公司,正在运作,2025-06-17,2025-05-29,,,1.0,0,主观多头
进化论广胜中证1000指增1号私募证券投资基金,海南进化论私募基金管理有限公司,正在运作,2025-06-17,2025-06-10,进化论,P1006079,4.0,1,指数增强
智领宏观多策略私募证券投资基金,福州高新区智领三联私募基金管理有限公司,正在运作,2025-06-17,2025-06-11,,,2.0,0,主观多头
玄元元中12号私募证券投资基金,玄元私募基金投资管理（广东）有限公司,正在运作,2025-06-17,2025-06-06,玄元,P1029168,5.0,1,空气指增
景上源星辰7号私募证券投资基金,杭州景上源私募基金管理有限公司,正在运作,2025-06-17,2025-06-09,,,1.0,0,主观多头
孝庸市场中性富春1号私募证券投资基金,上海孝庸私募基金管理有限公司,正在运作,2025-06-17,2025-06-12,,,6.0,0,主观多头
嘉兴九剑睿琨股权投资合伙企业（有限合伙）,宁波梅山保税港区九剑资产管理有限公司,正在运作,2025-06-17,2025-06-13,,,1.0,0,主观多头
纽富斯稳健成长3号私募证券投资基金,深圳纽富斯投资管理有限公司,正在运作,2025-06-17,2025-06-12,,,2.0,0,主观多头
汉程ETF轮动私募证券投资基金,上海汉程投资管理中心（有限合伙）,正在运作,2025-06-17,2025-05-30,,,1.0,0,主观多头
孝庸混合策略配置一号私募证券投资基金,上海孝庸私募基金管理有限公司,正在运作,2025-06-17,2025-06-12,,,6.0,0,主观多头
和棋期忆10号私募证券投资基金,江苏和棋投资管理有限公司,正在运作,2025-06-17,2025-06-17,,,1.0,0,主观多头
半鞅量化专享26号私募证券投资基金,上海半鞅私募基金管理合伙企业（有限合伙）,正在运作,2025-06-17,2025-06-11,,,2.0,1,空气指增
骏胜骏腾6号私募证券投资基金,上海骏胜资产管理有限公司,正在运作,2025-06-17,2025-06-12,,,2.0,0,主观多头
双安乐知5号私募证券投资基金,南京双安资产管理有限公司,正在运作,2025-06-17,2025-06-12,,,1.0,0,主观多头
成都高新策源低空经济创业投资合伙企业（有限合伙）,成都高新新经济创业投资有限公司,正在运作,2025-06-17,2025-03-26,,,1.0,0,主观多头
丰润金享一期私募证券投资基金,北京丰润恒道私募基金管理有限公司,正在运作,2025-06-17,2025-06-11,,,2.0,0,主观多头
励石合富久盈1号私募证券投资基金,上海励石投资管理有限公司,正在运作,2025-06-17,2025-06-09,,,1.0,0,主观多头
玖玖观远1号私募证券投资基金,玖玖(海南)私募基金管理合伙企业(有限合伙),正在运作,2025-06-17,2025-06-11,,,1.0,0,主观多头
宁波光芯创业投资合伙企业（有限合伙）,上海安宇私募基金管理有限公司,正在运作,2025-06-17,2025-06-13,,,1.0,0,主观多头
睿郡慧享1号私募证券投资基金,上海睿郡资产管理有限公司,正在运作,2025-06-17,2025-06-12,,,3.0,0,主观多头
山岳恒山鸿利2号私募证券投资基金,广州山岳私募基金管理有限公司,正在运作,2025-06-17,2025-06-12,,,1.0,0,主观多头
南通未来产业天使投资基金（有限合伙）,苏州工业园区元禾原点创业投资管理有限公司,正在运作,2025-06-17,2025-06-17,,,1.0,0,主观多头
甄投创鑫42号私募证券投资基金,上海甄投资产管理有限公司,正在运作,2025-06-17,2025-06-05,,,2.0,0,主观多头
